"tree.tip.label","N_terminal_extension","C_terminal_extension"
"1_NP_001308004_1_1-724_disks_large_homolog_4_isoform_4__Homo_sapiens_",TRUE,TRUE
"2_XP_010613106_1_70-625_disks_large_homolog_4_isoform_X10__Fukomys_damarensis_",TRUE,TRUE
"6_AAH40533_1_1-549_DLG4_protein__partial__Homo_sapiens_",TRUE,TRUE
"9_KAF6455644_1_1-501_discs_large_MAGUK_scaffold_protein_4__Rousettus_aegyptiacus_",TRUE,TRUE
"3_NP_001356_1_52-767_disks_large_homolog_4_isoform_1__Homo_sapiens_",TRUE,TRUE
"4_NP_001308003_1_52-764_disks_large_homolog_4_isoform_3__Homo_sapiens_",TRUE,TRUE
"7_NP_001356495_1_7-697_disks_large_homolog_4_isoform_6__Homo_sapiens_",TRUE,TRUE
"8_XP_011850011_1_94-784_PREDICTED__disks_large_homolog_4_isoform_X1__Mandrillus_leucophaeus_",TRUE,TRUE
"11_XP_055261148_1_1-723_disks_large_homolog_4_isoform_X3__Moschus_berezovskii_",FALSE,TRUE
"20_XP_047688455_1_106-824_disks_large_homolog_4_isoform_X5__Prionailurus_viverrinus_",FALSE,TRUE
"25_AGT40470_1_1-740_PSD-95-EGFP_fusion__Rabies_viral_vector_pRVdG-1O5PE_",FALSE,FALSE
"5_XP_031995603_1_105-860_disks_large_homolog_4_isoform_X1__Hylobates_moloch_",TRUE,TRUE
"15_XP_055114554_1_42-729_disks_large_homolog_4_isoform_X7__Symphalangus_syndactylus_",TRUE,TRUE
"18_XP_015418033_1_62-817_PREDICTED__disks_large_homolog_4_isoform_X1__Myotis_davidii_",TRUE,TRUE
"10_KAB1266236_1_40-838_Disks_large-like_protein_4__Camelus_dromedarius_",FALSE,FALSE
"16_XP_055114561_1_1-630_disks_large_homolog_4_isoform_X19__Symphalangus_syndactylus_",TRUE,TRUE
"17_XP_039703086_1_1-505_disks_large_homolog_4_isoform_X2__Pteropus_giganteus_",TRUE,TRUE
"12_XP_038370486_1_98-850_disks_large_homolog_4_isoform_X2__Canis_lupus_familiaris_",TRUE,TRUE
"13_XP_041626768_1_67-819_disks_large_homolog_4_isoform_X4__Vulpes_lagopus_",TRUE,TRUE
"14_XP_045680162_1_56-807_disks_large_homolog_4_isoform_X2__Phyllostomus_hastatus_",TRUE,TRUE
"19_XP_062071542_1_108-755_disks_large_homolog_4_isoform_X4__Lepus_europaeus_",TRUE,TRUE
"21_XP_045346135_1_48-698_disks_large_homolog_4_isoform_X10__Leopardus_geoffroyi_",FALSE,TRUE
"22_XP_042821770_1_1-562_disks_large_homolog_4_isoform_X9__Panthera_tigris_",FALSE,TRUE
"23_XP_045425990_1_1-661_disks_large_homolog_4_isoform_X1__Lemur_catta_",TRUE,TRUE
"24_XP_045425995_1_17-569_disks_large_homolog_4_isoform_X6__Lemur_catta_",TRUE,TRUE
"26_XP_010613106_1_68-289_disks_large_homolog_4_isoform_X10__Fukomys_damarensis_",TRUE,TRUE
"27_AAH40533_1_1-213_DLG4_protein__partial__Homo_sapiens_",TRUE,TRUE
"28_XP_045425995_1_98-326_disks_large_homolog_4_isoform_X6__Lemur_catta_",TRUE,TRUE
"29_KAJ1072194_1_93-810_hypothetical_protein_K5549_015929__partial__Capra_hircus_",FALSE,FALSE
"30_EQB77180_1_52-677_disks_large_4-like_protein__Camelus_ferus_",FALSE,FALSE
"124_KAK2111268_1_3-800_Disks_large_4__Saguinus_oedipus_",FALSE,FALSE
"31_XP_036623110_1_1-652_disks_large_homolog_4_isoform_X3__Trichosurus_vulpecula_",TRUE,TRUE
"35_KAJ6654885_1_453-547_hypothetical_protein_lerEdw1_006356__Lerista_edwardsae_",FALSE,FALSE
"36_XP_010613106_1_211-305_disks_large_homolog_4_isoform_X10__Fukomys_damarensis_",TRUE,TRUE
"37_XP_045425995_1_248-342_disks_large_homolog_4_isoform_X6__Lemur_catta_",TRUE,TRUE
"38_AAH40533_1_139-229_DLG4_protein__partial__Homo_sapiens_",TRUE,TRUE
"39_KAF6455644_1_91-181_discs_large_MAGUK_scaffold_protein_4__Rousettus_aegyptiacus_",TRUE,TRUE
"40_XP_038642703_1_250-340_disks_large_homolog_4-like__Scyliorhinus_canicula_",FALSE,TRUE
"32_EPQ15447_1_1-708_Disks_large_like_protein_4__Myotis_brandtii_",FALSE,FALSE
"34_ELK03786_1_1-711_Disks_large_like_protein_4__Pteropus_alecto_",FALSE,FALSE
"33_OBS80444_1_25-744_hypothetical_protein_A6R68_21344__partial__Neotoma_lepida_",FALSE,FALSE
"41_XP_033026873_1_55-799_disks_large_homolog_4_isoform_X2__Lacerta_agilis_",TRUE,TRUE
"42_XP_028607712_1_65-817_disks_large_homolog_4_isoform_X1__Podarcis_muralis_",TRUE,TRUE
"43_XP_048372286_1_72-839_disks_large_homolog_4_isoform_X1__Sphaerodactylus_townsendi_",TRUE,TRUE
"44_KAK9398368_1_250-939_disks_large_4__Crotalus_adamanteus_",FALSE,FALSE
"45_XP_060635870_1_21-765_disks_large_homolog_4_isoform_X2__Anolis_sagrei_ordinatus_",TRUE,TRUE
"47_XP_015275795_1_71-841_PREDICTED__disks_large_homolog_4__Gekko_japonicus_",TRUE,FALSE
"55_XP_049648583_1_46-758_disks_large_homolog_4_isoform_X1__Accipiter_gentilis_",FALSE,TRUE
"58_XP_062368175_1_280-365_disks_large_homolog_4-like__partial__Cinclus_cinclus_",FALSE,FALSE
"59_KYO28683_1_35-783_hypothetical_protein_Y1Q_0005133__Alligator_mississippiensis_",FALSE,FALSE
"56_KAJ6654885_1_223-889_hypothetical_protein_lerEdw1_006356__Lerista_edwardsae_",FALSE,FALSE
"57_KAJ6654885_1_231-389_hypothetical_protein_lerEdw1_006356__Lerista_edwardsae_",FALSE,FALSE
"46_KAJ1080202_1_69-845_hypothetical_protein_NDU88_000422__Pleurodeles_waltl_",FALSE,FALSE
"51_XP_038642703_1_7-632_disks_large_homolog_4-like__Scyliorhinus_canicula_",FALSE,TRUE
"52_XP_038642703_1_96-181_disks_large_homolog_4-like__Scyliorhinus_canicula_",FALSE,TRUE
"104_XP_063305903_1_56-800_disks_large_homolog_4_isoform_X3__Pelobates_fuscus_",FALSE,TRUE
"105_XP_041444924_1_31-719_disks_large_homolog_4_isoform_X3__Xenopus_laevis_",FALSE,TRUE
"60_XP_043932633_1_1-789_disks_large_homolog_4_isoform_X2__Protopterus_annectens_",FALSE,TRUE
"61_XP_043932636_1_2-704_disks_large_homolog_4_isoform_X5__Protopterus_annectens_",FALSE,TRUE
"62_XP_064409099_1_1-633_disks_large_homolog_4__Latimeria_chalumnae_",FALSE,TRUE
"48_XP_059498649_1_38-807_disks_large_homolog_4_isoform_X5__Stegostoma_tigrinum_",FALSE,TRUE
"49_XP_059498654_1_31-733_disks_large_homolog_4_isoform_X10__Stegostoma_tigrinum_",FALSE,TRUE
"50_XP_038642703_1_634-929_disks_large_homolog_4-like__Scyliorhinus_canicula_",FALSE,TRUE
"53_XP_051900672_1_58-820_disks_large_homolog_4_isoform_X1__Pristis_pectinata_",FALSE,TRUE
"54_XP_051900675_1_31-724_disks_large_homolog_4_isoform_X4__Pristis_pectinata_",FALSE,TRUE
"63_XP_051781259_1_63-821_disks_large_homolog_4_isoform_X2__Erpetoichthys_calabaricus_",FALSE,TRUE
"64_XP_028654124_1_31-724_disks_large_homolog_4_isoform_X7__Erpetoichthys_calabaricus_",FALSE,TRUE
"65_XP_066578344_1_11-780_disks_large_homolog_4-like_isoform_X3__Amia_calva_",FALSE,TRUE
"66_XP_064185116_1_71-799_disks_large_homolog_4_isoform_X6__Anguilla_rostrata_",FALSE,TRUE
"67_XP_035266587_1_29-705_disks_large_homolog_4_isoform_X8__Anguilla_anguilla_",FALSE,TRUE
"68_KAJ8281894_1_103-872_hypothetical_protein_COCON_G00044130__partial__Conger_conger_",FALSE,FALSE
"72_XP_023659410_1_38-787_disks_large_homolog_4_isoform_X2__Paramormyrops_kingsleyae_",FALSE,TRUE
"73_KPP60565_1_65-741_disks_large4-like__Scleropages_formosus_",FALSE,FALSE
"74_XP_036379436_1_38-802_disks_large_homolog_4_isoform_X1__Megalops_cyprinoides_",FALSE,TRUE
"75_XP_035290676_1_35-804_disks_large_homolog_4_isoform_X1__Anguilla_anguilla_",FALSE,TRUE
"76_XP_035290681_1_31-722_disks_large_homolog_4_isoform_X6__Anguilla_anguilla_",FALSE,TRUE
"70_XP_048883277_1_1-793_disks_large_homolog_4-like_isoform_X4__Brienomyrus_brachyistius_",FALSE,TRUE
"71_XP_048883279_1_31-740_disks_large_homolog_4-like_isoform_X6__Brienomyrus_brachyistius_",FALSE,TRUE
"69_KAJ8387427_1_335-1066_hypothetical_protein_AAFF_G00156650__Aldrovandia_affinis_",FALSE,FALSE
"77_XP_054586512_1_40-785_disks_large_homolog_4_isoform_X3__Nothobranchius_furzeri_",FALSE,TRUE
"80_XP_039633972_1_99-853_disks_large_homolog_4_isoform_X3__Perca_fluviatilis_",FALSE,TRUE
"81_KAA8587016_1_280-972_hypothetical_protein_FQN60_000852__Etheostoma_spectabile_",FALSE,FALSE
"85_XP_060910740_1_33-792_disks_large_homolog_4-like_isoform_X4__Labrus_mixtus_",FALSE,TRUE
"78_XP_029704548_1_54-824_disks_large_homolog_4-like_isoform_X2__Takifugu_rubripes_",FALSE,TRUE
"79_XP_053188331_1_31-692_disks_large_homolog_4_isoform_X2__Scomber_japonicus_",FALSE,TRUE
"86_XP_061903658_1_34-803_disks_large_homolog_4_isoform_X1__Entelurus_aequoreus_",FALSE,TRUE
"82_KAF3840872_1_248-975_hypothetical_protein_F7725_006734__Dissostichus_mawsoni_",FALSE,TRUE
"83_XP_010765281_1_49-276_PREDICTED__disks_large_homolog_4__partial__Notothenia_coriiceps_",FALSE,FALSE
"84_XP_010765281_1_2-616_PREDICTED__disks_large_homolog_4__partial__Notothenia_coriiceps_",FALSE,FALSE
"87_KAI3373606_1_33-741_hypothetical_protein_L3Q82_022201__Scortum_barcoo_",FALSE,FALSE
"89_XP_010765281_1_198-281_PREDICTED__disks_large_homolog_4__partial__Notothenia_coriiceps_",FALSE,FALSE
"88_KAG8008164_1_1-684_Disks_large-like_protein_4__partial__Nibea_albiflora_",FALSE,FALSE
"91_XP_046173463_1_38-811_disks_large_homolog_4-like_isoform_X3__Oncorhynchus_gorbuscha_",FALSE,TRUE
"92_XP_036846326_1_38-830_disks_large_homolog_4_isoform_X1__Oncorhynchus_mykiss_",FALSE,TRUE
"93_XP_013984461_1_92-787_disks_large_homolog_4-like_isoform_X1__Salmo_salar_",FALSE,TRUE
"94_XP_042613051_1_38-786_disks_large_homolog_4-like_isoform_X2__Cyprinus_carpio_",FALSE,TRUE
"95_KAL1274237_1_43-721_hypothetical_protein_QQF64_027051__Cirrhinus_molitorella_",FALSE,FALSE
"96_XP_051528473_1_38-771_disks_large_homolog_4-like_isoform_X1__Myxocyprinus_asiaticus_",FALSE,TRUE
"97_XP_051528504_1_31-689_disks_large_homolog_4-like_isoform_X5__Myxocyprinus_asiaticus_",FALSE,TRUE
"98_XP_053341382_1_11-814_disks_large_homolog_4_isoform_X1__Clarias_gariepinus_",FALSE,TRUE
"99_KAI5089027_1_33-737_disks_large-like_4_isoform_X1__Silurus_meridionalis_",FALSE,FALSE
"100_KAF7688430_1_1-761_hypothetical_protein_HF521_013237__Silurus_meridionalis_",FALSE,TRUE
"101_XP_062392321_1_1-750_disks_large_homolog_4__Sardina_pilchardus_",FALSE,TRUE
"90_KAJ3589166_1_31-678_hypothetical_protein_NHX12_010014__Muraenolepis_orangiensis_",FALSE,FALSE
"106_KAK1787735_1_112-850_hypothetical_protein_P4O66_016218__Electrophorus_voltai_",FALSE,FALSE
"125_XP_041094239_1_38-807_disks_large_homolog_4_isoform_X1__Polyodon_spathula_",FALSE,TRUE
"126_XP_058875867_1_68-819_LOW_QUALITY_PROTEIN__disks_large_homolog_4__Acipenser_ruthenus_",FALSE,TRUE
"102_XP_065279237_1_31-725_LOW_QUALITY_PROTEIN__disks_large_homolog_4__Emys_orbicularis_",TRUE,TRUE
"103_XP_038642703_1_5-86_disks_large_homolog_4-like__Scyliorhinus_canicula_",FALSE,TRUE
"155_KAB0406019_1_9-688_hypothetical_protein_E2I00_008711__partial__Balaenoptera_physalus_",FALSE,FALSE
"154_MBN3306945_1_116-811_DLG4_protein__Amia_calva_",FALSE,FALSE
"110_XP_030628945_1_71-809_disks_large_homolog_4_isoform_X1__Chanos_chanos_",FALSE,TRUE
"111_KAG9269420_1_71-823_hypothetical_protein_AMEX_G16459__Astyanax_mexicanus_",FALSE,FALSE
"112_XP_049319153_1_71-790_disks_large_homolog_4_isoform_X8__Astyanax_mexicanus_",FALSE,TRUE
"113_XP_037397269_1_7-671_disks_large_homolog_4_isoform_X7__Pygocentrus_nattereri_",FALSE,TRUE
"114_XP_035377552_1_33-797_disks_large_homolog_4-like_isoform_X2__Electrophorus_electricus_",TRUE,TRUE
"115_XP_060792847_1_70-770_disks_large_homolog_4_isoform_X2__Neoarius_graeffei_",FALSE,TRUE
"116_XP_053096478_1_31-682_disks_large_homolog_4_isoform_X3__Pangasianodon_hypophthalmus_",FALSE,TRUE
"117_XP_053542397_1_67-794_disks_large_homolog_4_isoform_X1__Ictalurus_punctatus_",FALSE,TRUE
"119_XP_046724759_1_71-793_disks_large_homolog_4__Silurus_meridionalis_",FALSE,TRUE
"118_KAG7323525_1_70-765_hypothetical_protein_KOW79_013227__Hemibagrus_wyckioides_",FALSE,FALSE
"120_KAK2824799_1_69-761_hypothetical_protein_Q7C36_018726__Tachysurus_vachellii_",FALSE,FALSE
"121_XP_041926105_1_71-821_disks_large_homolog_4-like_isoform_X1__Alosa_sapidissima_",FALSE,TRUE
"122_XP_048092921_1_71-802_LOW_QUALITY_PROTEIN__disks_large_homolog_4-like__Alosa_alosa_",FALSE,TRUE
"123_KAG5260711_1_30-660_hypothetical_protein_AALO_G00295540__Alosa_alosa_",FALSE,FALSE
"127_XP_048033794_1_107-826_disks_large_homolog_4_isoform_X2__Megalobrama_amblycephala_",FALSE,TRUE
"130_NP_999893_1_71-801_disks_large_homolog_4__Danio_rerio_",FALSE,TRUE
"128_XP_052396661_1_71-791_disks_large_homolog_4__Carassius_gibelio_",FALSE,TRUE
"129_XP_016117558_1_1-659_PREDICTED__disks_large_homolog_4_isoform_X2__Sinocyclocheilus_grahami_",FALSE,TRUE
"131_KAK2886039_1_1-720_hypothetical_protein_Q8A67_016876__Cirrhinus_molitorella_",FALSE,FALSE
"132_XP_056588469_1_220-948_disks_large_homolog_4_isoform_X2__Triplophysa_dalaica_",FALSE,TRUE
"133_XP_056588470_1_29-686_disks_large_homolog_4_isoform_X3__Triplophysa_dalaica_",FALSE,TRUE
"134_XP_057176166_1_71-797_disks_large_homolog_4_isoform_X2__Triplophysa_rosa_",FALSE,TRUE
"136_XP_036842902_1_51-753_disks_large_homolog_4_isoform_X6__Oncorhynchus_mykiss_",FALSE,TRUE
"137_XP_064786773_1_70-796_disks_large_homolog_4__Oncorhynchus_masou_masou_",FALSE,TRUE
"138_XP_034146393_1_2-652_disks_large_homolog_4_isoform_X7__Esox_lucius_",FALSE,TRUE
"139_XP_030580662_1_18-714_disks_large_homolog_4-like_isoform_X2__Archocentrus_centrarchus_",FALSE,TRUE
"140_XP_039464786_1_225-857_disks_large_homolog_4-like__Oreochromis_aureus_",FALSE,TRUE
"141_XP_039464786_1_315-536_disks_large_homolog_4-like__Oreochromis_aureus_",FALSE,TRUE
"142_CAJ1048331_1_158-849_disks_large_homolog_4-like_isoform_X2__Xyrichtys_novacula_",FALSE,FALSE
"143_XP_037618870_1_99-791_disks_large_homolog_4-like_isoform_X1__Sebastes_umbrosus_",FALSE,TRUE
"144_XP_053714856_1_105-796_disks_large_homolog_4-like_isoform_X1__Synchiropus_splendidus_",FALSE,TRUE
"145_XP_024916780_1_78-728_disks_large_homolog_4-like_isoform_X4__Cynoglossus_semilaevis_",FALSE,TRUE
"146_XP_039464786_1_448-552_disks_large_homolog_4-like__Oreochromis_aureus_",FALSE,TRUE
"147_XP_013884293_1_103-827_PREDICTED__disks_large_homolog_1-like__Austrofundulus_limnaeus_",FALSE,TRUE
"149_XP_061618965_1_195-889_disks_large_homolog_4-like_isoform_X1__Phyllopteryx_taeniolatus_",FALSE,TRUE
"150_XP_019729495_1_1-696_PREDICTED__disks_large_homolog_4-like_isoform_X2__Hippocampus_comes_",FALSE,TRUE
"151_XP_054608685_1_79-790_disks_large_homolog_4-like_isoform_X1__Dunckerocampus_dactyliophorus_",FALSE,FALSE
"152_XP_056156395_1_1-670_disks_large_homolog_4-like__Lampris_incognitus_",FALSE,TRUE
"148_XP_059933115_1_67-752_disks_large_homolog_4-like_isoform_X2__Gadus_macrocephalus_",FALSE,TRUE
"153_CAL1589922_1_67-755_unnamed_protein_product__Knipowitschia_caucasica_",FALSE,FALSE
"135_XP_016407779_1_11-708_PREDICTED__disks_large_homolog_4-like__Sinocyclocheilus_rhinocerous_",FALSE,TRUE
"159_XP_015216224_1_104-859_PREDICTED__disks_large_homolog_1_isoform_X12__Lepisosteus_oculatus_",FALSE,TRUE
"160_XP_015216222_1_196-895_PREDICTED__disks_large_homolog_1_isoform_X8__Lepisosteus_oculatus_",FALSE,TRUE
"161_XP_015216220_1_196-909_PREDICTED__disks_large_homolog_1_isoform_X5__Lepisosteus_oculatus_",FALSE,TRUE
"162_XP_006637475_1_193-906_PREDICTED__disks_large_homolog_1_isoform_X6__Lepisosteus_oculatus_",FALSE,TRUE
"163_XP_006637478_1_75-787_PREDICTED__disks_large_homolog_1_isoform_X16__Lepisosteus_oculatus_",FALSE,TRUE
"164_XP_015216223_1_154-889_PREDICTED__disks_large_homolog_1_isoform_X10__Lepisosteus_oculatus_",FALSE,TRUE
"165_XP_015216227_1_100-835_PREDICTED__disks_large_homolog_1_isoform_X14__Lepisosteus_oculatus_",FALSE,TRUE
"166_XP_015216226_1_114-848_PREDICTED__disks_large_homolog_1_isoform_X13__Lepisosteus_oculatus_",FALSE,TRUE
"167_XP_066565687_1_192-941_disks_large_homolog_1_isoform_X4__Amia_calva_",FALSE,TRUE
"168_XP_036373177_1_44-832_disks_large_homolog_1_isoform_X12__Megalops_cyprinoides_",FALSE,TRUE
"176_XP_036373145_1_106-874_disks_large_homolog_1_isoform_X8__Megalops_cyprinoides_",FALSE,TRUE
"169_XP_036373090_1_229-942_disks_large_homolog_1_isoform_X2__Megalops_cyprinoides_",FALSE,TRUE
"170_XP_036373119_1_194-907_disks_large_homolog_1_isoform_X5__Megalops_cyprinoides_",FALSE,TRUE
"171_XP_036373137_1_188-901_disks_large_homolog_1_isoform_X7__Megalops_cyprinoides_",FALSE,TRUE
"172_XP_036373169_1_133-846_disks_large_homolog_1_isoform_X11__Megalops_cyprinoides_",FALSE,TRUE
"173_XP_036373129_1_193-906_disks_large_homolog_1_isoform_X6__Megalops_cyprinoides_",FALSE,TRUE
"174_XP_036373110_1_198-910_disks_large_homolog_1_isoform_X4__Megalops_cyprinoides_",FALSE,TRUE
"175_XP_036373184_1_118-830_disks_large_homolog_1_isoform_X13__Megalops_cyprinoides_",FALSE,TRUE
"177_XP_036373100_1_230-929_disks_large_homolog_1_isoform_X3__Megalops_cyprinoides_",FALSE,TRUE
"178_KAG7488102_1_152-851_hypothetical_protein_MATL_G00030930__Megalops_atlanticus_",FALSE,FALSE
"179_XP_036373220_1_106-896_disks_large_homolog_1_isoform_X17__Megalops_cyprinoides_",FALSE,TRUE
"180_XP_036373200_1_198-932_disks_large_homolog_1_isoform_X15__Megalops_cyprinoides_",FALSE,TRUE
"181_XP_030647893_1_193-932_disks_large_homolog_1_isoform_X1__Chanos_chanos_",FALSE,TRUE
"254_XP_028856843_1_126-919_disks_large_homolog_1_isoform_X14__Denticeps_clupeoides_",FALSE,TRUE
"255_XP_028856833_1_317-1051_discs_large_homolog_1-like_protein_isoform_X4__Denticeps_clupeoides_",FALSE,TRUE
"256_XP_028856830_1_350-1085_disks_large_homolog_1_isoform_X1__Denticeps_clupeoides_",FALSE,TRUE
"257_XP_028856837_1_218-953_disks_large_homolog_1_isoform_X8__Denticeps_clupeoides_",FALSE,TRUE
"258_XP_028856839_1_195-930_disks_large_homolog_1_isoform_X10__Denticeps_clupeoides_",FALSE,TRUE
"259_XP_028856836_1_229-964_disks_large_homolog_1_isoform_X7__Denticeps_clupeoides_",FALSE,TRUE
"260_XP_028856842_1_188-923_discs_large_homolog_1-like_protein_isoform_X13__Denticeps_clupeoides_",FALSE,TRUE
"261_XP_028856848_1_132-867_discs_large_homolog_1-like_protein_isoform_X18__Denticeps_clupeoides_",FALSE,TRUE
"262_XP_028856838_1_211-953_disks_large_homolog_1_isoform_X9__Denticeps_clupeoides_",FALSE,TRUE
"248_XP_005989446_1_189-943_discs_large_homolog_1-like_protein_isoform_X1__Latimeria_chalumnae_",FALSE,TRUE
"249_XP_051779885_1_216-950_disks_large_homolog_1_isoform_X1__Erpetoichthys_calabaricus_",FALSE,TRUE
"250_XP_039614307_1_194-927_disks_large_homolog_1_isoform_X6__Polypterus_senegalus_",FALSE,TRUE
"251_XP_039614393_1_45-779_disks_large_homolog_1_isoform_X16__Polypterus_senegalus_",FALSE,TRUE
"252_XP_039614402_1_44-778_disks_large_homolog_1_isoform_X17__Polypterus_senegalus_",FALSE,TRUE
"201_XP_035276981_1_128-884_discs_large_homolog_1-like_protein_isoform_X14__Anguilla_anguilla_",FALSE,TRUE
"202_XP_035276985_1_154-855_discs_large_homolog_1-like_protein_isoform_X18__Anguilla_anguilla_",FALSE,TRUE
"203_XP_035276968_1_247-963_discs_large_homolog_1-like_protein_isoform_X2__Anguilla_anguilla_",FALSE,TRUE
"204_XP_035276994_1_99-815_discs_large_homolog_1-like_protein_isoform_X26__Anguilla_anguilla_",FALSE,TRUE
"205_XP_035276992_1_71-786_discs_large_homolog_1-like_protein_isoform_X24__Anguilla_anguilla_",FALSE,TRUE
"206_XP_035276980_1_103-897_discs_large_homolog_1-like_protein_isoform_X13__Anguilla_anguilla_",FALSE,TRUE
"207_XP_035276993_1_31-766_discs_large_homolog_1-like_protein_isoform_X25__Anguilla_anguilla_",FALSE,TRUE
"208_XP_035276977_1_128-919_discs_large_homolog_1-like_protein_isoform_X10__Anguilla_anguilla_",FALSE,TRUE
"209_XP_035276972_1_211-948_discs_large_homolog_1-like_protein_isoform_X6__Anguilla_anguilla_",FALSE,TRUE
"210_XP_035276976_1_189-926_discs_large_homolog_1-like_protein_isoform_X9__Anguilla_anguilla_",FALSE,TRUE
"211_XP_035276973_1_210-947_discs_large_homolog_1-like_protein_isoform_X7__Anguilla_anguilla_",FALSE,TRUE
"212_XP_035276970_1_224-961_discs_large_homolog_1-like_protein_isoform_X4__Anguilla_anguilla_",FALSE,TRUE
"213_XP_035276969_1_225-962_discs_large_homolog_1-like_protein_isoform_X3__Anguilla_anguilla_",FALSE,TRUE
"214_XP_035276978_1_182-919_discs_large_homolog_1-like_protein_isoform_X11__Anguilla_anguilla_",FALSE,TRUE
"215_XP_035276983_1_129-866_discs_large_homolog_1-like_protein_isoform_X16__Anguilla_anguilla_",FALSE,TRUE
"216_XP_035276975_1_197-933_discs_large_homolog_1-like_protein_isoform_X8__Anguilla_anguilla_",FALSE,TRUE
"217_XP_035276971_1_219-955_discs_large_homolog_1-like_protein_isoform_X5__Anguilla_anguilla_",FALSE,TRUE
"218_XP_035276986_1_43-854_discs_large_homolog_1-like_protein_isoform_X19__Anguilla_anguilla_",FALSE,TRUE
"219_XP_061098014_1_67-780_discs_large_homolog_1-like_protein_isoform_X17__Conger_conger_",FALSE,TRUE
"220_XP_061098001_1_215-949_discs_large_homolog_1-like_protein_isoform_X5__Conger_conger_",FALSE,TRUE
"221_XP_036410255_1_154-851_discs_large_homolog_1-like_protein_isoform_X12__Megalops_cyprinoides_",FALSE,TRUE
"222_XP_036410252_1_193-905_disks_large_homolog_1_isoform_X9__Megalops_cyprinoides_",FALSE,TRUE
"223_XP_036410260_1_102-814_disks_large_homolog_1_isoform_X16__Megalops_cyprinoides_",FALSE,TRUE
"224_KAG7456907_1_183-895_hypothetical_protein_MATL_G00240910__Megalops_atlanticus_",FALSE,FALSE
"225_XP_036410244_1_229-962_disks_large_homolog_1_isoform_X1__Megalops_cyprinoides_",FALSE,TRUE
"226_XP_036410245_1_228-961_disks_large_homolog_1_isoform_X2__Megalops_cyprinoides_",FALSE,TRUE
"227_XP_036410247_1_197-929_disks_large_homolog_1_isoform_X4__Megalops_cyprinoides_",FALSE,TRUE
"228_XP_036410254_1_126-858_discs_large_homolog_1-like_protein_isoform_X11__Megalops_cyprinoides_",FALSE,TRUE
"192_KAJ8278319_1_194-908_hypothetical_protein_GJAV_G00086340__Gymnothorax_javanicus_",FALSE,FALSE
"193_XP_035272017_1_104-816_LOW_QUALITY_PROTEIN__disks_large_homolog_1__Anguilla_anguilla_",FALSE,TRUE
"194_XP_064186258_1_106-818_disks_large_homolog_1_isoform_X28__Anguilla_rostrata_",FALSE,TRUE
"195_XP_064186247_1_53-847_disks_large_homolog_1_isoform_X21__Anguilla_rostrata_",FALSE,TRUE
"196_XP_064186240_1_147-882_disks_large_homolog_1_isoform_X15__Anguilla_rostrata_",FALSE,TRUE
"197_XP_064186257_1_230-963_disks_large_homolog_1_isoform_X27__Anguilla_rostrata_",FALSE,TRUE
"198_KAG5851416_1_195-927_hypothetical_protein_ANANG_G00093150__Anguilla_anguilla_",FALSE,FALSE
"199_XP_061096198_1_176-915_disks_large_homolog_1_isoform_X10__Conger_conger_",FALSE,TRUE
"200_XP_061096209_1_26-764_disks_large_homolog_1_isoform_X20__Conger_conger_",FALSE,TRUE
"359_XP_029104938_1_103-859_disks_large_homolog_1_isoform_X15__Scleropages_formosus_",FALSE,TRUE
"360_XP_029104937_1_103-873_disks_large_homolog_1_isoform_X13__Scleropages_formosus_",FALSE,TRUE
"361_XP_029104943_1_103-881_disks_large_homolog_1_isoform_X27__Scleropages_formosus_",FALSE,TRUE
"362_XP_029104930_1_226-928_disks_large_homolog_1_isoform_X6__Scleropages_formosus_",FALSE,TRUE
"363_XP_029104933_1_190-906_disks_large_homolog_1_isoform_X10__Scleropages_formosus_",FALSE,TRUE
"364_XP_029104927_1_226-942_disks_large_homolog_1_isoform_X3__Scleropages_formosus_",FALSE,TRUE
"365_XP_029104944_1_100-816_disks_large_homolog_1_isoform_X28__Scleropages_formosus_",FALSE,TRUE
"366_XP_029104935_1_103-894_disks_large_homolog_1_isoform_X12__Scleropages_formosus_",FALSE,TRUE
"367_XP_029104934_1_103-895_disks_large_homolog_1_isoform_X11__Scleropages_formosus_",FALSE,TRUE
"368_XP_018586632_1_45-854_discs_large_homolog_1-like_protein_isoform_X16__Scleropages_formosus_",FALSE,TRUE
"369_XP_018586636_1_98-833_disks_large_homolog_1_isoform_X19__Scleropages_formosus_",FALSE,TRUE
"370_XP_029104924_1_226-964_disks_large_homolog_1_isoform_X1__Scleropages_formosus_",FALSE,TRUE
"371_XP_018586624_1_185-923_discs_large_homolog_1-like_protein_isoform_X9__Scleropages_formosus_",FALSE,TRUE
"372_XP_018586631_1_130-868_discs_large_homolog_1-like_protein_isoform_X14__Scleropages_formosus_",FALSE,TRUE
"373_XP_018586637_1_92-830_disks_large_homolog_1_isoform_X20__Scleropages_formosus_",FALSE,TRUE
"375_XP_029104940_1_248-985_disks_large_homolog_1_isoform_X24__Scleropages_formosus_",FALSE,TRUE
"376_XP_029104925_1_226-963_disks_large_homolog_1_isoform_X2__Scleropages_formosus_",FALSE,TRUE
"374_XP_029104928_1_189-931_disks_large_homolog_1_isoform_X4__Scleropages_formosus_",FALSE,TRUE
"377_KPP78071_1_451-1183_disks_large_1-like__Scleropages_formosus_",FALSE,FALSE
"378_XP_048844411_1_222-954_disks_large_homolog_1_isoform_X4__Brienomyrus_brachyistius_",FALSE,TRUE
"379_XP_023696677_1_186-935_disks_large_homolog_1_isoform_X7__Paramormyrops_kingsleyae_",FALSE,TRUE
"380_XP_023696686_1_155-860_discs_large_homolog_1-like_protein_isoform_X15__Paramormyrops_kingsleyae_",FALSE,TRUE
"381_XP_023696690_1_108-835_disks_large_homolog_1_isoform_X19__Paramormyrops_kingsleyae_",FALSE,TRUE
"229_XP_018617165_1_103-874_disks_large_homolog_1-like_isoform_X12__Scleropages_formosus_",FALSE,TRUE
"230_XP_029105311_1_192-905_disks_large_homolog_1-like_isoform_X8__Scleropages_formosus_",FALSE,TRUE
"231_XP_029105291_1_228-941_disks_large_homolog_1-like_isoform_X4__Scleropages_formosus_",FALSE,TRUE
"232_XP_029105332_1_99-812_disks_large_homolog_1-like_isoform_X17__Scleropages_formosus_",FALSE,TRUE
"233_XP_018617188_1_68-781_disks_large_homolog_1-like_isoform_X20__Scleropages_formosus_",FALSE,TRUE
"234_XP_018617172_1_126-838_discs_large_homolog_1-like_protein_isoform_X14__Scleropages_formosus_",FALSE,TRUE
"235_XP_018617156_1_103-895_disks_large_homolog_1-like_isoform_X10__Scleropages_formosus_",FALSE,TRUE
"236_XP_018617147_1_103-896_disks_large_homolog_1-like_isoform_X9__Scleropages_formosus_",FALSE,TRUE
"237_XP_029105331_1_14-824_discs_large_homolog_1-like_protein_isoform_X16__Scleropages_formosus_",FALSE,TRUE
"238_XP_029105295_1_192-927_disks_large_homolog_1-like_isoform_X6__Scleropages_formosus_",FALSE,TRUE
"239_XP_029105319_1_156-891_discs_large_homolog_1-like_protein_isoform_X11__Scleropages_formosus_",FALSE,TRUE
"240_XP_029105334_1_60-795_disks_large_homolog_1-like_isoform_X19__Scleropages_formosus_",FALSE,TRUE
"241_XP_029105322_1_125-860_discs_large_homolog_1-like_protein_isoform_X13__Scleropages_formosus_",FALSE,TRUE
"242_XP_018617180_1_68-803_disks_large_homolog_1-like_isoform_X18__Scleropages_formosus_",FALSE,TRUE
"243_XP_029105286_1_221-956_discs_large_homolog_1-like_protein_isoform_X3__Scleropages_formosus_",FALSE,TRUE
"244_XP_018617130_1_198-932_disks_large_homolog_1-like_isoform_X5__Scleropages_formosus_",FALSE,TRUE
"246_XP_029105284_1_228-962_disks_large_homolog_1-like_isoform_X2__Scleropages_formosus_",FALSE,TRUE
"247_XP_029105302_1_192-926_disks_large_homolog_1-like_isoform_X7__Scleropages_formosus_",FALSE,TRUE
"245_XP_018617198_1_26-764_disks_large_homolog_1-like_isoform_X21__Scleropages_formosus_",FALSE,TRUE
"518_XP_048831791_1_104-860_disks_large_homolog_1-like_isoform_X14__Brienomyrus_brachyistius_",FALSE,TRUE
"519_XP_048831793_1_126-824_discs_large_homolog_1-like_protein_isoform_X16__Brienomyrus_brachyistius_",FALSE,TRUE
"520_XP_048831795_1_71-784_disks_large_homolog_1-like_isoform_X18__Brienomyrus_brachyistius_",FALSE,TRUE
"521_XP_048831778_1_240-965_disks_large_homolog_1-like_isoform_X1__Brienomyrus_brachyistius_",FALSE,TRUE
"182_XP_041126915_1_103-859_disks_large_homolog_1-like_isoform_X29__Polyodon_spathula_",FALSE,TRUE
"183_XP_041126903_1_213-922_disks_large_homolog_1-like_isoform_X17__Polyodon_spathula_",FALSE,TRUE
"184_XP_041126921_1_98-822_disks_large_homolog_1-like_isoform_X34__Polyodon_spathula_",FALSE,TRUE
"185_XP_033884993_1_104-817_disks_large_homolog_1_isoform_X27__Acipenser_ruthenus_",FALSE,TRUE
"186_XP_041119340_1_193-928_discs_large_homolog_1-like_protein_isoform_X2__Polyodon_spathula_",FALSE,TRUE
"187_XP_041119366_1_4-739_discs_large_homolog_1-like_protein_isoform_X25__Polyodon_spathula_",FALSE,TRUE
"190_XP_033884975_1_189-925_disks_large_homolog_1_isoform_X1__Acipenser_ruthenus_",FALSE,TRUE
"191_XP_058846162_1_123-859_disks_large_homolog_1_isoform_X26__Acipenser_ruthenus_",FALSE,TRUE
"188_XP_041126911_1_138-885_disks_large_homolog_1-like_isoform_X25__Polyodon_spathula_",FALSE,TRUE
"189_XP_041126918_1_4-739_disks_large_homolog_1-like_isoform_X31__Polyodon_spathula_",FALSE,TRUE
"522_XP_039614364_1_126-881_disks_large_homolog_1_isoform_X13__Polypterus_senegalus_",FALSE,TRUE
"253_XP_028856847_1_126-880_disks_large_homolog_1_isoform_X17__Denticeps_clupeoides_",FALSE,TRUE
"263_XP_036426181_1_108-861_disks_large_homolog_1_isoform_X12__Colossoma_macropomum_",FALSE,TRUE
"264_XP_017553607_1_108-899_disks_large_homolog_1_isoform_X17__Pygocentrus_nattereri_",FALSE,TRUE
"265_XP_037391025_1_3-736_disks_large_homolog_1_isoform_X28__Pygocentrus_nattereri_",FALSE,TRUE
"266_XP_037391020_1_171-904_disks_large_homolog_1_isoform_X15__Pygocentrus_nattereri_",FALSE,TRUE
"267_XP_037391023_1_72-805_disks_large_homolog_1_isoform_X25__Pygocentrus_nattereri_",FALSE,TRUE
"268_XP_037391021_1_134-872_disks_large_homolog_1_isoform_X20__Pygocentrus_nattereri_",FALSE,TRUE
"269_XP_017553593_1_203-941_disks_large_homolog_1_isoform_X5__Pygocentrus_nattereri_",FALSE,TRUE
"270_XP_017553614_1_104-842_disks_large_homolog_1_isoform_X22__Pygocentrus_nattereri_",FALSE,TRUE
"271_XP_017553615_1_103-841_disks_large_homolog_1_isoform_X23__Pygocentrus_nattereri_",FALSE,TRUE
"272_XP_037391022_1_72-809_disks_large_homolog_1_isoform_X24__Pygocentrus_nattereri_",FALSE,TRUE
"273_XP_037391024_1_3-740_disks_large_homolog_1_isoform_X27__Pygocentrus_nattereri_",FALSE,TRUE
"274_XP_017553604_1_171-908_disks_large_homolog_1_isoform_X14__Pygocentrus_nattereri_",FALSE,TRUE
"275_XP_036426182_1_3-740_disks_large_homolog_1_isoform_X13__Colossoma_macropomum_",FALSE,TRUE
"278_KAI4894984_1_761-1495_hypothetical_protein_NFI96_010792__Prochilodus_magdalenae_",FALSE,FALSE
"276_XP_037391017_1_234-944_disks_large_homolog_1_isoform_X4__Pygocentrus_nattereri_",FALSE,TRUE
"277_XP_017553618_1_72-781_disks_large_homolog_1_isoform_X26__Pygocentrus_nattereri_",FALSE,TRUE
"279_XP_022530860_2_233-943_disks_large_homolog_1_isoform_X4__Astyanax_mexicanus_",FALSE,TRUE
"280_XP_022530867_1_133-871_disks_large_homolog_1_isoform_X16__Astyanax_mexicanus_",FALSE,TRUE
"281_XP_066519082_1_197-907_disks_large_homolog_1_isoform_X16__Hoplias_malabaricus_",FALSE,TRUE
"301_XP_035380117_1_14-823_disks_large_homolog_1_isoform_X11__Electrophorus_electricus_",FALSE,FALSE
"302_XP_026869344_2_195-929_disks_large_homolog_1_isoform_X3__Electrophorus_electricus_",FALSE,FALSE
"303_XP_035380116_1_196-930_disks_large_homolog_1_isoform_X10__Electrophorus_electricus_",FALSE,FALSE
"282_XP_053354104_1_89-846_disks_large_homolog_1_isoform_X15__Clarias_gariepinus_",FALSE,TRUE
"283_XP_053354099_1_14-804_disks_large_homolog_1_isoform_X10__Clarias_gariepinus_",FALSE,TRUE
"284_XP_053354102_1_103-817_disks_large_homolog_1_isoform_X13__Clarias_gariepinus_",FALSE,TRUE
"285_KAF5894641_1_1-682_disks_large_1-like_isoform_X2__partial__Clarias_magur_",FALSE,TRUE
"290_KAB5584303_1_149-873_hypothetical_protein_PHYPO_G00105890__Pangasianodon_hypophthalmus_",FALSE,FALSE
"286_XP_046716852_1_215-915_disks_large_homolog_1_isoform_X2__Silurus_meridionalis_",FALSE,TRUE
"287_KAI5109364_1_190-904_disks_large-like_1_isoform_X5__partial__Silurus_meridionalis_",FALSE,FALSE
"288_KAF7711789_1_88-884_hypothetical_protein_HF521_000800__Silurus_meridionalis_",FALSE,TRUE
"289_XP_046716869_1_88-884_disks_large_homolog_1_isoform_X4__Silurus_meridionalis_",FALSE,TRUE
"299_KAI5628270_1_230-942_disks_large-like_1_isoform_X5__partial__Silurus_asotus_",FALSE,FALSE
"291_XP_053088062_1_178-917_disks_large_homolog_1_isoform_X4__Pangasianodon_hypophthalmus_",FALSE,TRUE
"292_XP_053492737_1_193-932_disks_large_homolog_1_isoform_X4__Ictalurus_furcatus_",FALSE,TRUE
"293_XP_053492741_1_179-918_disks_large_homolog_1_isoform_X7__Ictalurus_furcatus_",FALSE,TRUE
"294_KAK3557401_1_685-1410_hypothetical_protein_QTP70_026667__Hemibagrus_guttatus_",FALSE,FALSE
"295_KAK3574761_1_508-1232_hypothetical_protein_QTP86_017517__Hemibagrus_guttatus_",FALSE,FALSE
"296_XP_058257944_1_126-864_disks_large_homolog_1_isoform_X13__Hemibagrus_wyckioides_",FALSE,TRUE
"297_XP_058257941_1_163-901_disks_large_homolog_1_isoform_X10__Hemibagrus_wyckioides_",FALSE,TRUE
"298_XP_060723651_1_14-828_disks_large_homolog_1_isoform_X5__Tachysurus_vachellii_",FALSE,TRUE
"300_XP_060775854_1_88-863_disks_large_homolog_1_isoform_X9__Neoarius_graeffei_",FALSE,TRUE
"304_XP_005165965_1_107-860_disks_large_homolog_1_isoform_X10__Danio_rerio_",FALSE,TRUE
"305_XP_005165963_1_201-896_disks_large_homolog_1_isoform_X8__Danio_rerio_",FALSE,TRUE
"306_XP_056315955_1_235-931_disks_large_homolog_1_isoform_X7__Danio_aesculapii_",FALSE,TRUE
"307_XP_021332431_1_14-824_disks_large_homolog_1_isoform_X15__Danio_rerio_",FALSE,TRUE
"308_XP_021332429_1_102-836_disks_large_homolog_1_isoform_X13__Danio_rerio_",FALSE,TRUE
"309_XP_021332430_1_101-835_disks_large_homolog_1_isoform_X14__Danio_rerio_",FALSE,TRUE
"310_XP_005165971_1_3-737_disks_large_homolog_1_isoform_X19__Danio_rerio_",FALSE,TRUE
"311_XP_021332428_1_121-859_disks_large_homolog_1_isoform_X12__Danio_rerio_",FALSE,TRUE
"312_XP_056315958_1_160-895_disks_large_homolog_1_isoform_X10__Danio_aesculapii_",FALSE,TRUE
"313_KAG1940975_1_14-799_disks_large__Pimephales_promelas_",FALSE,FALSE
"314_KAG1940973_1_98-808_disks_large__Pimephales_promelas_",FALSE,FALSE
"315_XP_039547371_1_197-907_disks_large_homolog_1_isoform_X8__Pimephales_promelas_",FALSE,TRUE
"316_KAG1940977_1_122-832_disks_large__Pimephales_promelas_",FALSE,FALSE
"317_XP_039547380_1_106-816_disks_large_homolog_1_isoform_X16__Pimephales_promelas_",FALSE,TRUE
"318_XP_058633916_1_191-901_disks_large_homolog_1_isoform_X16__Onychostoma_macrolepis_",FALSE,TRUE
"319_XP_043098755_1_14-824_disks_large_homolog_1_isoform_X26__Puntigrus_tetrazona_",FALSE,TRUE
"320_XP_043098750_1_155-889_disks_large_homolog_1_isoform_X21__Puntigrus_tetrazona_",FALSE,TRUE
"321_XP_043098759_1_3-737_disks_large_homolog_1_isoform_X30__Puntigrus_tetrazona_",FALSE,TRUE
"323_XP_043098748_1_155-893_disks_large_homolog_1_isoform_X20__Puntigrus_tetrazona_",FALSE,TRUE
"324_XP_043098758_1_3-741_disks_large_homolog_1_isoform_X29__Puntigrus_tetrazona_",FALSE,TRUE
"322_XP_043098744_1_107-903_disks_large_homolog_1_isoform_X16__Puntigrus_tetrazona_",FALSE,TRUE
"325_XP_043098742_1_187-926_disks_large_homolog_1_isoform_X14__Puntigrus_tetrazona_",FALSE,TRUE
"326_XP_043098747_1_158-897_disks_large_homolog_1_isoform_X19__Puntigrus_tetrazona_",FALSE,TRUE
"327_XP_043098752_1_134-873_disks_large_homolog_1_isoform_X23__Puntigrus_tetrazona_",FALSE,TRUE
"328_XP_043098754_1_104-843_disks_large_homolog_1_isoform_X25__Puntigrus_tetrazona_",FALSE,TRUE
"329_XP_043098756_1_71-810_disks_large_homolog_1_isoform_X27__Puntigrus_tetrazona_",FALSE,TRUE
"330_XP_043098757_1_71-806_disks_large_homolog_1_isoform_X28__Puntigrus_tetrazona_",FALSE,TRUE
"333_XP_058633910_1_223-960_disks_large_homolog_1_isoform_X10__Onychostoma_macrolepis_",FALSE,TRUE
"331_XP_050969436_1_197-936_disks_large_homolog_1_isoform_X6__Labeo_rohita_",FALSE,TRUE
"332_XP_048055743_1_233-972_disks_large_homolog_1_isoform_X1__Megalobrama_amblycephala_",FALSE,TRUE
"336_XP_051752231_1_149-884_disks_large_homolog_1_isoform_X19__Ctenopharyngodon_idella_",FALSE,TRUE
"334_XP_067315809_1_196-930_disks_large_homolog_1_isoform_X3__Pseudorasbora_parva_",FALSE,TRUE
"335_XP_067315814_1_147-881_disks_large_homolog_1_isoform_X8__Pseudorasbora_parva_",FALSE,TRUE
"337_XP_016406155_1_98-837_PREDICTED__disks_large_homolog_1_isoform_X16__Sinocyclocheilus_rhinocerous_",FALSE,TRUE
"338_XP_016406146_1_105-844_PREDICTED__disks_large_homolog_1_isoform_X15__Sinocyclocheilus_rhinocerous_",FALSE,TRUE
"339_XP_016406163_1_97-836_PREDICTED__disks_large_homolog_1_isoform_X17__Sinocyclocheilus_rhinocerous_",FALSE,TRUE
"340_XP_016406182_1_71-806_PREDICTED__disks_large_homolog_1_isoform_X19__Sinocyclocheilus_rhinocerous_",FALSE,TRUE
"341_XP_016406208_1_3-737_PREDICTED__disks_large_homolog_1_isoform_X22__Sinocyclocheilus_rhinocerous_",FALSE,TRUE
"342_KAK7155334_1_193-928_hypothetical_protein_R3I93_010083__Phoxinus_phoxinus_",FALSE,FALSE
"343_XP_026120388_1_14-824_discs_large_homolog_1-like_protein_isoform_X10__Carassius_auratus_",FALSE,TRUE
"344_XP_059427035_1_201-939_disks_large_homolog_1_isoform_X4__Carassius_carassius_",FALSE,TRUE
"345_XP_026069482_1_233-943_disks_large_homolog_1-like_isoform_X3__Carassius_auratus_",FALSE,TRUE
"346_XP_052455517_1_109-898_disks_large_homolog_1-like_isoform_X8__Carassius_gibelio_",FALSE,TRUE
"349_XP_065120837_1_104-890_disks_large_homolog_1_isoform_X7__Paramisgurnus_dabryanus_",FALSE,TRUE
"350_XP_055068783_1_192-923_disks_large_homolog_1_isoform_X20__Misgurnus_anguillicaudatus_",FALSE,TRUE
"351_XP_055068771_1_158-890_disks_large_homolog_1_isoform_X9__Misgurnus_anguillicaudatus_",FALSE,TRUE
"347_XP_051567686_1_217-968_disks_large_homolog_1-like_isoform_X1__Myxocyprinus_asiaticus_",FALSE,TRUE
"348_XP_051997550_1_202-937_disks_large_homolog_1_isoform_X4__Xyrauchen_texanus_",FALSE,TRUE
"352_XP_051986739_1_103-841_discs_large_homolog_1-like_protein_isoform_X9__Xyrauchen_texanus_",FALSE,TRUE
"353_XP_056607308_1_106-868_disks_large_homolog_1_isoform_X19__Triplophysa_dalaica_",FALSE,TRUE
"358_KAI7807797_1_77-881_putative_disks_large-like_protein_1__Triplophysa_rosa_",FALSE,FALSE
"354_KAA0712901_1_194-926_Disks_large_-like_protein_1__Triplophysa_tibetana_",FALSE,FALSE
"355_XP_056607288_1_192-960_disks_large_homolog_1_isoform_X1__Triplophysa_dalaica_",FALSE,TRUE
"356_XP_057194622_1_194-915_disks_large_homolog_1_isoform_X8__Triplophysa_rosa_",FALSE,TRUE
"357_XP_057194634_1_72-806_disks_large_homolog_1_isoform_X19__Triplophysa_rosa_",FALSE,TRUE
"551_XP_064792150_1_233-945_disks_large_homolog_1-like_isoform_X7__Oncorhynchus_masou_masou_",FALSE,TRUE
"563_XP_055799744_1_129-829_discs_large_homolog_1-like_protein_isoform_X12__Salvelinus_fontinalis_",FALSE,TRUE
"564_XP_036834713_1_204-904_discs_large_homolog_1-like_protein_isoform_X12__Oncorhynchus_mykiss_",FALSE,TRUE
"565_XP_036834717_1_204-918_disks_large_homolog_1_isoform_X16__Oncorhynchus_mykiss_",FALSE,TRUE
"566_XP_042178452_1_204-904_discs_large_homolog_1-like_protein_isoform_X13__Oncorhynchus_tshawytscha_",FALSE,TRUE
"567_XP_042178461_1_204-918_disks_large_homolog_1-like_isoform_X18__Oncorhynchus_tshawytscha_",FALSE,TRUE
"568_XP_041696512_2_198-898_discs_large_homolog_1-like_protein_isoform_X6__Coregonus_clupeaformis_",FALSE,TRUE
"552_XP_038858859_1_129-882_discs_large_homolog_1-like_protein_isoform_X5__Salvelinus_namaycush_",FALSE,TRUE
"553_XP_046156000_1_232-985_disks_large_homolog_1-like_isoform_X8__Oncorhynchus_gorbuscha_",FALSE,TRUE
"554_XP_046156006_1_107-860_disks_large_homolog_1-like_isoform_X14__Oncorhynchus_gorbuscha_",FALSE,TRUE
"555_XP_036834712_1_170-923_discs_large_homolog_1-like_protein_isoform_X11__Oncorhynchus_mykiss_",FALSE,TRUE
"556_XP_036834702_1_269-1021_disks_large_homolog_1_isoform_X2__Oncorhynchus_mykiss_",FALSE,TRUE
"557_XP_046155992_1_290-1037_discs_large_homolog_1-like_protein_isoform_X1__Oncorhynchus_gorbuscha_",FALSE,TRUE
"558_XP_042178454_1_31-763_disks_large_homolog_1-like_isoform_X15__Oncorhynchus_tshawytscha_",FALSE,TRUE
"559_XP_055799739_1_229-975_discs_large_homolog_1-like_protein_isoform_X7__Salvelinus_fontinalis_",FALSE,TRUE
"560_XP_055799738_1_248-980_disks_large_homolog_1-like_isoform_X6__Salvelinus_fontinalis_",FALSE,TRUE
"561_XP_041696514_2_124-876_discs_large_homolog_1-like_protein_isoform_X8__Coregonus_clupeaformis_",FALSE,TRUE
"562_XP_041696513_2_125-877_discs_large_homolog_1-like_protein_isoform_X7__Coregonus_clupeaformis_",FALSE,TRUE
"569_XP_010870837_2_307-1001_discs_large_homolog_1-like_protein_isoform_X8__Esox_lucius_",FALSE,TRUE
"570_XP_010870832_2_307-1015_disks_large_homolog_1_isoform_X4__Esox_lucius_",FALSE,TRUE
"571_XP_010870847_2_76-784_disks_large_homolog_1_isoform_X16__Esox_lucius_",FALSE,TRUE
"572_XP_019904643_2_226-969_disks_large_homolog_1_isoform_X10__Esox_lucius_",FALSE,TRUE
"573_XP_019904647_2_31-765_disks_large_homolog_1_isoform_X17__Esox_lucius_",FALSE,TRUE
"574_XP_019904641_2_271-1006_disks_large_homolog_1_isoform_X6__Esox_lucius_",FALSE,TRUE
"575_XP_019904639_2_293-1028_disks_large_homolog_1_isoform_X3__Esox_lucius_",FALSE,TRUE
"576_XP_010870850_2_241-976_disks_large_homolog_1_isoform_X20__Esox_lucius_",FALSE,TRUE
"577_XP_019904646_2_76-811_disks_large_homolog_1_isoform_X15__Esox_lucius_",FALSE,TRUE
"578_XP_019904648_2_8-743_disks_large_homolog_1_isoform_X18__Esox_lucius_",FALSE,TRUE
"580_XP_010870829_2_307-1041_disks_large_homolog_1_isoform_X2__Esox_lucius_",FALSE,TRUE
"579_XP_019904644_2_219-968_discs_large_homolog_1-like_protein_isoform_X12__Esox_lucius_",FALSE,TRUE
"581_XP_019904642_2_262-1005_disks_large_homolog_1_isoform_X7__Esox_lucius_",FALSE,TRUE
"582_KAL1022858_1_230-952_hypothetical_protein_UPYG_G00033390__Umbra_pygmaea_",FALSE,FALSE
"583_XP_045063676_1_216-947_discs_large_homolog_1-like_protein_isoform_X1__Coregonus_clupeaformis_",FALSE,FALSE
"584_XP_045063682_1_115-840_discs_large_homolog_1-like_protein_isoform_X7__Coregonus_clupeaformis_",FALSE,FALSE
"585_XP_045063689_1_203-945_disks_large_homolog_1-like_isoform_X13__Coregonus_clupeaformis_",FALSE,FALSE
"586_XP_029606241_1_120-825_discs_large_homolog_1-like_protein_isoform_X1__Salmo_trutta_",FALSE,FALSE
"587_XP_029606242_1_75-783_discs_large_homolog_1-like_protein_isoform_X2__Salmo_trutta_",FALSE,FALSE
"591_XP_055779517_1_83-774_discs_large_homolog_1-like_protein_isoform_X5__Salvelinus_fontinalis_",FALSE,FALSE
"588_XP_021455439_1_8-699_discs_large_homolog_1-like_protein_isoform_X3__Oncorhynchus_mykiss_",FALSE,FALSE
"589_XP_021455439_1_240-434_discs_large_homolog_1-like_protein_isoform_X3__Oncorhynchus_mykiss_",FALSE,FALSE
"590_XP_046209269_1_128-827_discs_large_homolog_1-like_protein_isoform_X1__Oncorhynchus_gorbuscha_",FALSE,FALSE
"592_XP_044075641_1_291-991_discs_large_homolog_1-like_protein_isoform_X10__Siniperca_chuatsi_",FALSE,TRUE
"593_XP_041658783_1_189-904_discs_large_homolog_1-like_protein_isoform_X8__Cheilinus_undulatus_",FALSE,TRUE
"594_XP_022614707_1_194-923_discs_large_homolog_1-like_protein_isoform_X4__Seriola_dumerili_",FALSE,TRUE
"595_XP_023125782_1_240-954_discs_large_homolog_1-like_protein_isoform_X19__Amphiprion_ocellaris_",FALSE,TRUE
"596_XP_028329481_1_256-970_discs_large_homolog_1-like_protein_isoform_X19__Gouania_willdenowi_",FALSE,TRUE
"600_XP_035489790_2_263-965_discs_large_homolog_1-like_protein_isoform_X9__Scophthalmus_maximus_",FALSE,TRUE
"611_XP_026169494_1_129-883_discs_large_homolog_1-like_protein_isoform_X10__Mastacembelus_armatus_",FALSE,TRUE
"612_XP_005945859_1_129-883_discs_large_homolog_1-like_protein_isoform_X9__Haplochromis_burtoni_",FALSE,TRUE
"613_XP_039858437_1_129-883_discs_large_homolog_1-like_protein_isoform_X9__Simochromis_diagramma_",FALSE,TRUE
"614_XP_028329474_1_144-900_discs_large_homolog_1-like_protein_isoform_X13__Gouania_willdenowi_",FALSE,TRUE
"663_XP_030016582_1_14-788_discs_large_homolog_1-like_protein_isoform_X11__Sphaeramia_orbicularis_",FALSE,TRUE
"615_XP_028283169_1_14-802_discs_large_homolog_1-like_protein_isoform_X5__Parambassis_ranga_",FALSE,TRUE
"616_XP_028283166_1_120-834_discs_large_homolog_1-like_protein_isoform_X2__Parambassis_ranga_",FALSE,TRUE
"617_XP_028283168_1_14-823_discs_large_homolog_1-like_protein_isoform_X4__Parambassis_ranga_",FALSE,TRUE
"664_XP_014896567_1_215-915_PREDICTED__discs_large_homolog_1-like_protein_isoform_X8__Poecilia_latipinna_",FALSE,TRUE
"665_XP_014848608_1_190-889_PREDICTED__discs_large_homolog_1-like_protein_isoform_X17__Poecilia_mexicana_",FALSE,TRUE
"666_XP_043991114_1_74-848_discs_large_homolog_1-like_protein_isoform_X16__Gambusia_affinis_",FALSE,TRUE
"726_KAF7221842_1_136-836_transcript_variant_X13__partial__Nothobranchius_furzeri_",FALSE,TRUE
"667_XP_032420289_1_265-1001_discs_large_homolog_1-like_protein_isoform_X1__Xiphophorus_hellerii_",FALSE,TRUE
"668_XP_016519574_1_96-832_PREDICTED__disks_large_homolog_1-like_isoform_X12__Poecilia_formosa_",FALSE,TRUE
"669_XP_014896566_1_182-918_PREDICTED__discs_large_homolog_1-like_protein_isoform_X7__Poecilia_latipinna_",FALSE,TRUE
"670_XP_016519572_1_182-918_PREDICTED__discs_large_homolog_1-like_protein_isoform_X7__Poecilia_formosa_",FALSE,TRUE
"671_XP_014896571_1_112-848_PREDICTED__discs_large_homolog_1-like_protein_isoform_X11__Poecilia_latipinna_",FALSE,TRUE
"672_XP_014848597_1_182-918_PREDICTED__discs_large_homolog_1-like_protein_isoform_X7__Poecilia_mexicana_",FALSE,TRUE
"673_XP_014848602_1_109-845_PREDICTED__disks_large_homolog_1_isoform_X11__Poecilia_mexicana_",FALSE,TRUE
"674_XP_054877776_1_127-878_LOW_QUALITY_PROTEIN__discs_large_homolog_1-like_protein__Poeciliopsis_prolifica_",FALSE,TRUE
"675_XP_035988808_1_264-958_discs_large_homolog_1-like_protein_isoform_X8__Fundulus_heteroclitus_",FALSE,TRUE
"676_XP_035988810_1_215-945_disks_large_homolog_1_isoform_X10__Fundulus_heteroclitus_",FALSE,TRUE
"677_XP_035988811_1_191-921_disks_large_homolog_1_isoform_X11__Fundulus_heteroclitus_",FALSE,TRUE
"678_XP_035988932_1_105-834_disks_large_homolog_1-like_isoform_X16__Fundulus_heteroclitus_",FALSE,TRUE
"679_XP_038125950_1_214-950_disks_large_homolog_1-like_isoform_X10__Cyprinodon_tularosa_",FALSE,TRUE
"680_XP_015258685_1_129-918_PREDICTED__disks_large_homolog_1_isoform_X3__Cyprinodon_variegatus_",FALSE,TRUE
"870_XP_037538381_1_221-932_discs_large_homolog_1-like_protein_isoform_X2__Nematolebias_whitei_",FALSE,FALSE
"597_XP_028329466_1_230-985_discs_large_homolog_1-like_protein_isoform_X5__Gouania_willdenowi_",FALSE,TRUE
"598_XP_028329464_1_256-992_disks_large_homolog_1-like_isoform_X4__Gouania_willdenowi_",FALSE,TRUE
"599_XP_028329480_1_256-991_disks_large_homolog_1-like_isoform_X18__Gouania_willdenowi_",FALSE,TRUE
"601_XP_043886054_1_241-941_discs_large_homolog_1-like_protein_isoform_X7__Solea_senegalensis_",FALSE,FALSE
"602_XP_043886064_1_177-876_discs_large_homolog_1-like_protein_isoform_X8__Solea_senegalensis_",FALSE,FALSE
"603_KAG7525950_1_240-954_disks_large-like_1_isoform_X4__Solea_senegalensis_",FALSE,FALSE
"604_KAG7525951_1_161-875_discs_large-like_1_isoform_X3__Solea_senegalensis_",FALSE,FALSE
"605_KAG7525949_1_196-910_disks_large-like_1_isoform_X4__Solea_senegalensis_",FALSE,FALSE
"606_KAG7525947_1_210-923_disks_large-like_1_isoform_X4__Solea_senegalensis_",FALSE,FALSE
"607_KAG7525952_1_130-843_discs_large-like_1_isoform_X1__Solea_senegalensis_",FALSE,FALSE
"608_XP_058491321_1_268-982_discs_large_homolog_1-like_protein_isoform_X2__Solea_solea_",FALSE,FALSE
"609_XP_043886008_1_241-976_discs_large_homolog_1-like_protein_isoform_X2__Solea_senegalensis_",FALSE,FALSE
"610_XP_043886020_1_240-976_discs_large_homolog_1-like_protein_isoform_X3__Solea_senegalensis_",FALSE,FALSE
"682_XP_028283144_1_194-984_discs_large_homolog_1-like_protein_isoform_X2__Parambassis_ranga_",FALSE,TRUE
"683_XP_028283158_1_99-890_discs_large_homolog_1-like_protein_isoform_X15__Parambassis_ranga_",FALSE,TRUE
"618_XP_044075655_1_14-824_discs_large_homolog_1-like_protein_isoform_X24__Siniperca_chuatsi_",FALSE,TRUE
"633_XP_040000726_1_240-976_discs_large_homolog_1-like_protein_isoform_X1__Xiphias_gladius_",FALSE,TRUE
"634_XP_041658790_1_31-765_discs_large_homolog_1-like_protein_isoform_X15__Cheilinus_undulatus_",FALSE,TRUE
"642_XP_059200320_1_265-993_discs_large_homolog_1-like_protein_isoform_X1__Centropristis_striata_",FALSE,TRUE
"639_XP_037643315_1_95-895_disks_large_homolog_1_isoform_X20__Sebastes_umbrosus_",FALSE,TRUE
"640_XP_037643294_1_269-1009_discs_large_homolog_1-like_protein_isoform_X1__Sebastes_umbrosus_",FALSE,TRUE
"641_XP_037643321_1_125-865_discs_large_homolog_1-like_protein_isoform_X26__Sebastes_umbrosus_",FALSE,TRUE
"619_XP_051808974_1_190-925_discs_large_homolog_1-like_protein_isoform_X10__Acanthochromis_polyacanthus_",FALSE,TRUE
"620_XP_023125779_1_240-975_discs_large_homolog_1-like_protein_isoform_X18__Amphiprion_ocellaris_",FALSE,TRUE
"621_XP_035803917_1_264-999_discs_large_homolog_1-like_protein_isoform_X2__Amphiprion_ocellaris_",FALSE,TRUE
"622_XP_023125778_1_240-976_discs_large_homolog_1-like_protein_isoform_X4__Amphiprion_ocellaris_",FALSE,TRUE
"623_XP_035803916_1_264-1000_discs_large_homolog_1-like_protein_isoform_X1__Amphiprion_ocellaris_",FALSE,TRUE
"624_XP_035803924_1_115-851_discs_large_homolog_1-like_protein_isoform_X15__Amphiprion_ocellaris_",FALSE,TRUE
"631_XP_036938854_1_241-976_discs_large_homolog_1-like_protein_isoform_X1__Acanthopagrus_latus_",FALSE,TRUE
"632_XP_036938864_1_146-881_discs_large_homolog_1-like_protein_isoform_X10__Acanthopagrus_latus_",FALSE,TRUE
"637_XP_040911638_1_241-977_disks_large_homolog_1-like_isoform_X2__Toxotes_jaculatrix_",FALSE,TRUE
"638_XP_040911637_1_241-978_discs_large_homolog_1-like_protein_isoform_X1__Toxotes_jaculatrix_",FALSE,TRUE
"652_XP_029380182_1_265-1000_disks_large_homolog_1_isoform_X2__Echeneis_naucrates_",FALSE,TRUE
"635_KAF3698531_1_241-976_Disks_large_-like_protein_1__Channa_argus_",FALSE,TRUE
"636_XP_067330119_1_199-934_discs_large_homolog_1-like_protein_isoform_X14__Channa_argus_",FALSE,TRUE
"643_XP_030581506_1_241-977_discs_large_homolog_1-like_protein_isoform_X1__Archocentrus_centrarchus_",FALSE,TRUE
"644_XP_013122081_2_263-999_LOW_QUALITY_PROTEIN__discs_large_homolog_1-like_protein__Oreochromis_niloticus_",FALSE,TRUE
"645_XP_039458061_1_240-976_discs_large_homolog_1-like_protein_isoform_X1__Oreochromis_aureus_",FALSE,TRUE
"646_XP_042069511_1_264-1000_discs_large_homolog_1-like_protein_isoform_X1__Haplochromis_burtoni_",FALSE,TRUE
"647_XP_039458062_1_240-975_discs_large_homolog_1-like_protein_isoform_X2__Oreochromis_aureus_",FALSE,TRUE
"648_XP_026169486_1_265-1001_discs_large_homolog_1-like_protein_isoform_X1__Mastacembelus_armatus_",FALSE,TRUE
"651_XP_026229850_1_265-1001_discs_large_homolog_1-like_protein_isoform_X10__Anabas_testudineus_",FALSE,TRUE
"625_XP_029971583_1_284-1019_disks_large_homolog_1_isoform_X4__Salarias_fasciatus_",FALSE,TRUE
"626_XP_029971581_1_284-1020_disks_large_homolog_1_isoform_X3__Salarias_fasciatus_",FALSE,TRUE
"627_XP_029971580_1_284-1029_disks_large_homolog_1_isoform_X2__Salarias_fasciatus_",FALSE,TRUE
"628_XP_029971585_1_260-1006_disks_large_homolog_1_isoform_X6__Salarias_fasciatus_",FALSE,TRUE
"629_XP_029971586_1_238-999_disks_large_homolog_1_isoform_X7__Salarias_fasciatus_",FALSE,TRUE
"630_XP_029971604_1_69-889_disks_large_homolog_1_isoform_X24__Salarias_fasciatus_",FALSE,TRUE
"653_XP_029930483_1_228-962_disks_large_homolog_1_isoform_X9__Myripristis_murdjan_",FALSE,TRUE
"660_XP_030016576_1_112-846_discs_large_homolog_1-like_protein_isoform_X6__Sphaeramia_orbicularis_",FALSE,TRUE
"659_XP_041849343_1_263-1001_discs_large_homolog_1-like_protein_isoform_X1__Melanotaenia_boesemani_",FALSE,TRUE
"662_XP_034039134_1_117-852_discs_large_homolog_1-like_protein_isoform_X9__Thalassophryne_amazonica_",FALSE,TRUE
"654_XP_060899553_1_261-941_discs_large_homolog_1-like_protein_isoform_X4__Labrus_mixtus_",FALSE,TRUE
"655_XP_060899555_1_229-931_discs_large_homolog_1-like_protein_isoform_X6__Labrus_mixtus_",FALSE,TRUE
"656_XP_060899567_1_142-844_discs_large_homolog_1-like_protein_isoform_X17__Labrus_mixtus_",FALSE,TRUE
"657_XP_028448112_1_230-978_disks_large_homolog_1_isoform_X1__Perca_flavescens_",FALSE,TRUE
"658_XP_028448114_1_229-977_disks_large_homolog_1_isoform_X3__Perca_flavescens_",FALSE,TRUE
"649_XP_034470187_1_213-949_discs_large_homolog_1-like_protein_isoform_X10__Hippoglossus_hippoglossus_",FALSE,TRUE
"650_XP_062261239_1_238-971_discs_large_homolog_1-like_protein_isoform_X1__Platichthys_flesus_",FALSE,TRUE
"661_CAB1416623_1_153-865_unnamed_protein_product__Pleuronectes_platessa_",FALSE,FALSE
"681_XP_023255268_1_241-976_disks_large_homolog_1_isoform_X3__Seriola_lalandi_dorsalis_",FALSE,TRUE
"727_XP_063742364_1_189-938_LOW_QUALITY_PROTEIN__discs_large_homolog_1-like_protein__Eleginops_maclovinus_",FALSE,TRUE
"728_XP_034006856_1_232-967_LOW_QUALITY_PROTEIN__discs_large_homolog_1-like_protein__Trematomus_bernacchii_",FALSE,TRUE
"868_XP_061587615_1_123-858_disks_large_homolog_1-like_isoform_X13__Cololabis_saira_",FALSE,TRUE
"869_XP_061587602_1_226-954_disks_large_homolog_1-like_isoform_X1__Cololabis_saira_",FALSE,TRUE
"731_XP_034411442_1_212-923_discs_large_homolog_1-like_protein_isoform_X13__Cyclopterus_lumpus_",FALSE,TRUE
"732_XP_034411429_1_225-973_discs_large_homolog_1-like_protein_isoform_X1__Cyclopterus_lumpus_",FALSE,TRUE
"871_XP_020479577_1_218-920_discs_large_homolog_1-like_protein_isoform_X10__Monopterus_albus_",FALSE,TRUE
"872_XP_061878958_1_156-874_discs_large_homolog_1-like_protein_isoform_X8__Entelurus_aequoreus_",FALSE,FALSE
"873_XP_061835170_1_217-967_discs_large_homolog_1-like_protein_isoform_X1__Nerophis_lumbriciformis_",FALSE,FALSE
"874_XP_061878959_1_100-849_discs_large_homolog_1-like_protein_isoform_X9__Entelurus_aequoreus_",FALSE,FALSE
"877_XP_061776648_1_2-760_discs_large_homolog_1-like_protein_isoform_X13__Nerophis_ophidion_",FALSE,FALSE
"878_XP_061776646_1_94-853_discs_large_homolog_1-like_protein_isoform_X11__Nerophis_ophidion_",FALSE,FALSE
"875_XP_057924712_1_127-942_discs_large_homolog_1-like_protein_isoform_X10__Doryrhamphus_excisus_",FALSE,TRUE
"876_XP_057924716_1_99-876_discs_large_homolog_1-like_protein_isoform_X14__Doryrhamphus_excisus_",FALSE,TRUE
"879_XP_054623825_1_214-947_discs_large_homolog_1-like_protein_isoform_X4__Dunckerocampus_dactyliophorus_",FALSE,TRUE
"684_XP_062338149_1_200-925_discs_large_homolog_1-like_protein_isoform_X10__Osmerus_eperlanus_",FALSE,TRUE
"685_XP_046883790_1_252-978_discs_large_homolog_1-like_protein_isoform_X4__Hypomesus_transpacificus_",FALSE,TRUE
"686_XP_046883796_1_176-924_discs_large_homolog_1-like_protein_isoform_X10__Hypomesus_transpacificus_",FALSE,TRUE
"687_XP_067110085_1_175-922_discs_large_homolog_1-like_protein_isoform_X3__Osmerus_mordax_",FALSE,TRUE
"725_XP_056149171_1_199-902_discs_large_homolog_1-like_protein_isoform_X5__Lampris_incognitus_",FALSE,TRUE
"698_XP_045062126_1_209-932_discs_large_homolog_1-like_protein_isoform_X4__Coregonus_clupeaformis_",FALSE,TRUE
"699_XP_045062125_1_209-933_discs_large_homolog_1-like_protein_isoform_X3__Coregonus_clupeaformis_",FALSE,TRUE
"700_XP_045062124_1_209-946_discs_large_homolog_1-like_protein_isoform_X2__Coregonus_clupeaformis_",FALSE,TRUE
"701_XP_045062127_1_192-930_discs_large_homolog_1-like_protein_isoform_X5__Coregonus_clupeaformis_",FALSE,TRUE
"702_XP_045062131_1_186-919_discs_large_homolog_1-like_protein_isoform_X10__Coregonus_clupeaformis_",FALSE,TRUE
"703_XP_029559938_1_188-926_discs_large_homolog_1-like_protein_isoform_X17__Salmo_trutta_",FALSE,TRUE
"714_XP_055723668_1_62-870_discs_large_homolog_1-like_protein_isoform_X19__Salvelinus_fontinalis_",FALSE,TRUE
"704_XP_023833789_1_199-943_discs_large_homolog_1-like_protein_isoform_X1__Salvelinus_alpinus_",FALSE,TRUE
"705_XP_038859515_1_202-946_discs_large_homolog_1-like_protein_isoform_X1__Salvelinus_namaycush_",FALSE,TRUE
"706_XP_023833791_1_199-942_discs_large_homolog_1-like_protein_isoform_X2__Salvelinus_alpinus_",FALSE,TRUE
"707_XP_021468386_2_237-981_discs_large_homolog_1-like_protein_isoform_X4__Oncorhynchus_mykiss_",FALSE,TRUE
"708_XP_021468392_2_199-948_discs_large_homolog_1-like_protein_isoform_X11__Oncorhynchus_mykiss_",FALSE,TRUE
"709_XP_020322850_1_249-993_discs_large_homolog_1-like_protein_isoform_X4__Oncorhynchus_kisutch_",FALSE,TRUE
"710_XP_031666751_1_249-992_discs_large_homolog_1-like_protein_isoform_X5__Oncorhynchus_kisutch_",FALSE,TRUE
"711_XP_042184479_1_183-926_discs_large_homolog_1-like_protein_isoform_X10__Oncorhynchus_tshawytscha_",FALSE,TRUE
"712_XP_024290987_1_183-927_discs_large_homolog_1-like_protein_isoform_X9__Oncorhynchus_tshawytscha_",FALSE,TRUE
"713_XP_024290978_1_209-947_discs_large_homolog_1-like_protein_isoform_X4__Oncorhynchus_tshawytscha_",FALSE,TRUE
"717_XP_024290980_1_209-938_discs_large_homolog_1-like_protein_isoform_X5__Oncorhynchus_tshawytscha_",FALSE,TRUE
"715_XP_046177046_1_179-917_discs_large_homolog_1-like_protein_isoform_X16__Oncorhynchus_gorbuscha_",FALSE,TRUE
"716_XP_052333132_1_176-914_discs_large_homolog_1-like_protein_isoform_X16__Oncorhynchus_keta_",FALSE,TRUE
"718_XP_019900205_2_259-1013_discs_large_homolog_1-like_protein_isoform_X3__Esox_lucius_",FALSE,TRUE
"719_XP_019900197_2_260-1014_discs_large_homolog_1-like_protein_isoform_X1__Esox_lucius_",FALSE,TRUE
"720_XP_010890343_1_162-916_discs_large_homolog_1-like_protein_isoform_X19__Esox_lucius_",FALSE,TRUE
"721_XP_010890333_2_230-984_discs_large_homolog_1-like_protein_isoform_X8__Esox_lucius_",FALSE,TRUE
"722_XP_010890390_1_141-882_discs_large_homolog_1-like_protein_isoform_X25__Esox_lucius_",FALSE,TRUE
"723_XP_019900222_2_234-980_discs_large_homolog_1-like_protein_isoform_X9__Esox_lucius_",FALSE,TRUE
"688_XP_041697450_1_209-926_discs_large_homolog_1-like_protein_isoform_X8__Coregonus_clupeaformis_",FALSE,TRUE
"689_XP_041697452_1_193-906_discs_large_homolog_1-like_protein_isoform_X12__Coregonus_clupeaformis_",FALSE,TRUE
"690_XP_023833794_1_199-908_discs_large_homolog_1-like_protein_isoform_X5__Salvelinus_alpinus_",FALSE,TRUE
"691_XP_023833793_1_199-913_discs_large_homolog_1-like_protein_isoform_X4__Salvelinus_alpinus_",FALSE,TRUE
"692_XP_038859523_1_183-906_disks_large_homolog_1-like_isoform_X9__Salvelinus_namaycush_",FALSE,TRUE
"693_XP_023833792_1_199-922_discs_large_homolog_1-like_protein_isoform_X3__Salvelinus_alpinus_",FALSE,TRUE
"694_XP_020322856_1_249-958_discs_large_homolog_1-like_protein_isoform_X10__Oncorhynchus_kisutch_",FALSE,TRUE
"695_XP_046177047_1_180-903_discs_large_homolog_1-like_protein_isoform_X17__Oncorhynchus_gorbuscha_",FALSE,TRUE
"696_CDQ63348_1_56-819_unnamed_protein_product__Oncorhynchus_mykiss_",FALSE,FALSE
"697_XP_046177060_1_167-873_discs_large_homolog_1-like_protein_isoform_X28__Oncorhynchus_gorbuscha_",FALSE,TRUE
"724_XP_052333140_1_103-872_discs_large_homolog_1-like_protein_isoform_X24__Oncorhynchus_keta_",FALSE,TRUE
"729_XP_031666754_1_102-886_disks_large_homolog_1_isoform_X16__Oncorhynchus_kisutch_",FALSE,TRUE
"730_XP_031666752_1_102-892_disks_large_homolog_1_isoform_X14__Oncorhynchus_kisutch_",FALSE,TRUE
"880_XP_030219047_1_1-823_discs_large_homolog_1-like_protein_isoform_X27__Gadus_morhua_",FALSE,TRUE
"881_XP_030219043_1_94-908_discs_large_homolog_1-like_protein_isoform_X23__Gadus_morhua_",FALSE,TRUE
"882_XP_030219044_1_102-904_disks_large_homolog_1-like_isoform_X24__Gadus_morhua_",FALSE,TRUE
"883_XP_030219038_1_128-926_discs_large_homolog_1-like_protein_isoform_X18__Gadus_morhua_",FALSE,TRUE
"884_XP_030219037_1_184-935_disks_large_homolog_1-like_isoform_X17__Gadus_morhua_",FALSE,TRUE
"885_XP_030219042_1_152-917_discs_large_homolog_1-like_protein_isoform_X22__Gadus_morhua_",FALSE,TRUE
"886_XP_030219020_1_269-1024_discs_large_homolog_1-like_protein_isoform_X1__Gadus_morhua_",FALSE,TRUE
"887_XP_056451807_1_247-1002_discs_large_homolog_1-like_protein_isoform_X1__Gadus_chalcogrammus_",FALSE,TRUE
"888_XP_059915226_1_205-971_discs_large_homolog_1-like_protein_isoform_X18__Gadus_macrocephalus_",FALSE,TRUE
"733_XP_031415380_1_103-873_discs_large_homolog_1-like_protein_isoform_X16__Clupea_harengus_",FALSE,TRUE
"734_XP_012681824_1_190-908_discs_large_homolog_1-like_protein_isoform_X11__Clupea_harengus_",FALSE,TRUE
"735_XP_031415382_2_203-908_discs_large_homolog_1-like_protein_isoform_X12__Clupea_harengus_",FALSE,TRUE
"736_XP_031415375_1_130-919_discs_large_homolog_1-like_protein_isoform_X10__Clupea_harengus_",FALSE,TRUE
"737_XP_031415371_1_217-958_discs_large_homolog_1-like_protein_isoform_X5__Clupea_harengus_",FALSE,TRUE
"738_XP_031415372_1_214-954_discs_large_homolog_1-like_protein_isoform_X6__Clupea_harengus_",FALSE,TRUE
"739_XP_012681822_1_229-969_discs_large_homolog_1-like_protein_isoform_X4__Clupea_harengus_",FALSE,TRUE
"740_XP_031415373_1_213-953_discs_large_homolog_1-like_protein_isoform_X7__Clupea_harengus_",FALSE,TRUE
"741_XP_031415370_1_252-992_discs_large_homolog_1-like_protein_isoform_X2__Clupea_harengus_",FALSE,TRUE
"742_XP_012681825_2_239-979_discs_large_homolog_1-like_protein_isoform_X3__Clupea_harengus_",FALSE,TRUE
"743_XP_012681826_1_59-799_discs_large_homolog_1-like_protein_isoform_X19__Clupea_harengus_",FALSE,TRUE
"753_XP_063074927_1_263-1002_discs_large_homolog_1-like_protein_isoform_X14__Engraulis_encrasicolus_",FALSE,TRUE
"744_XP_041954204_1_104-859_discs_large_homolog_1-like_protein_isoform_X16__Alosa_sapidissima_",FALSE,TRUE
"745_XP_041954045_1_104-873_discs_large_homolog_1-like_protein_isoform_X14__Alosa_sapidissima_",FALSE,TRUE
"746_XP_041954766_1_126-824_discs_large_homolog_1-like_protein_isoform_X23__Alosa_sapidissima_",FALSE,TRUE
"747_XP_041954436_1_101-819_discs_large_homolog_1-like_protein_isoform_X19__Alosa_sapidissima_",FALSE,TRUE
"748_XP_041952985_1_227-967_discs_large_homolog_1-like_protein_isoform_X1__Alosa_sapidissima_",FALSE,TRUE
"749_XP_041954348_1_100-840_discs_large_homolog_1-like_protein_isoform_X18__Alosa_sapidissima_",FALSE,TRUE
"750_XP_062384482_1_189-929_discs_large_homolog_1-like_protein_isoform_X4__Sardina_pilchardus_",FALSE,TRUE
"751_XP_041953242_1_219-953_discs_large_homolog_1-like_protein_isoform_X4__Alosa_sapidissima_",FALSE,TRUE
"752_XP_048109625_1_72-783_discs_large_homolog_1-like_protein_isoform_X26__Alosa_alosa_",FALSE,TRUE
"862_XP_030629038_1_101-871_discs_large_homolog_1-like_protein_isoform_X8__Chanos_chanos_",FALSE,TRUE
"863_XP_030629040_1_101-853_disks_large_homolog_1_isoform_X10__Chanos_chanos_",FALSE,TRUE
"867_XP_030629039_1_101-874_disks_large_homolog_1_isoform_X9__Chanos_chanos_",FALSE,TRUE
"864_XP_030629041_1_102-823_discs_large_homolog_1-like_protein_isoform_X11__Chanos_chanos_",FALSE,TRUE
"865_XP_030629034_1_206-953_discs_large_homolog_1-like_protein_isoform_X5__Chanos_chanos_",FALSE,TRUE
"866_XP_030629030_1_244-986_discs_large_homolog_1-like_protein_isoform_X1__Chanos_chanos_",FALSE,TRUE
"831_XP_035383738_1_225-924_discs_large_homolog_1-like_protein_isoform_X7__Electrophorus_electricus_",FALSE,TRUE
"832_XP_026886597_2_192-905_discs_large_homolog_1-like_protein_isoform_X8__Electrophorus_electricus_",FALSE,TRUE
"833_XP_035383736_1_225-938_discs_large_homolog_1-like_protein_isoform_X3__Electrophorus_electricus_",FALSE,TRUE
"834_XP_026886643_2_109-822_discs_large_homolog_1-like_protein_isoform_X14__Electrophorus_electricus_",FALSE,TRUE
"835_XP_026886619_2_102-872_discs_large_homolog_1-like_protein_isoform_X11__Electrophorus_electricus_",FALSE,TRUE
"836_XP_026886582_2_166-926_discs_large_homolog_1-like_protein_isoform_X5__Electrophorus_electricus_",FALSE,TRUE
"837_XP_035383735_1_224-958_discs_large_homolog_1-like_protein_isoform_X2__Electrophorus_electricus_",FALSE,TRUE
"838_XP_022534384_2_169-886_discs_large_homolog_1-like_protein_isoform_X26__Astyanax_mexicanus_",FALSE,TRUE
"839_XP_049332524_1_201-954_discs_large_homolog_1-like_protein_isoform_X24__Astyanax_mexicanus_",FALSE,TRUE
"861_XP_066508422_1_179-910_discs_large_homolog_1-like_protein_isoform_X4__Hoplias_malabaricus_",FALSE,TRUE
"840_XP_037403625_1_252-986_discs_large_homolog_1-like_protein_isoform_X23__Pygocentrus_nattereri_",FALSE,FALSE
"841_XP_037403622_1_102-837_discs_large_homolog_1-like_protein_isoform_X13__Pygocentrus_nattereri_",FALSE,FALSE
"842_XP_037403624_1_82-835_discs_large_homolog_1-like_protein_isoform_X19__Pygocentrus_nattereri_",FALSE,FALSE
"843_XP_060762421_1_224-937_discs_large_homolog_1-like_protein_isoform_X4__Neoarius_graeffei_",FALSE,TRUE
"844_XP_026802051_1_74-787_discs_large_homolog_1-like_protein_isoform_X18__Pangasianodon_hypophthalmus_",FALSE,TRUE
"845_XP_053529546_1_245-980_discs_large_homolog_1-like_protein_isoform_X1__Ictalurus_punctatus_",FALSE,TRUE
"846_XP_026802037_1_192-927_discs_large_homolog_1-like_protein_isoform_X6__Pangasianodon_hypophthalmus_",FALSE,TRUE
"847_KAB5535885_1_142-877_hypothetical_protein_PHYPO_G00123090__Pangasianodon_hypophthalmus_",FALSE,FALSE
"848_XP_026802033_1_220-955_discs_large_homolog_1-like_protein_isoform_X3__Pangasianodon_hypophthalmus_",FALSE,TRUE
"849_XP_046731942_1_223-958_discs_large_homolog_1-like_protein_isoform_X1__Silurus_meridionalis_",FALSE,TRUE
"850_KAI5092642_1_242-977_discs_large-like_1-like_protein_isoform_X9__Silurus_meridionalis_",FALSE,FALSE
"851_XP_046731948_1_194-928_discs_large_homolog_1-like_protein_isoform_X7__Silurus_meridionalis_",FALSE,TRUE
"852_XP_058273857_1_193-928_discs_large_homolog_1-like_protein_isoform_X5__Hemibagrus_wyckioides_",FALSE,TRUE
"853_XP_053342098_1_95-893_discs_large_homolog_1-like_protein_isoform_X12__Clarias_gariepinus_",FALSE,TRUE
"856_XP_047662274_1_202-901_discs_large_homolog_1-like_protein_isoform_X22__Tachysurus_fulvidraco_",FALSE,TRUE
"857_XP_060724076_1_107-806_discs_large_homolog_1-like_protein_isoform_X11__Tachysurus_vachellii_",FALSE,TRUE
"858_XP_027013957_1_155-894_discs_large_homolog_1-like_protein_isoform_X17__Tachysurus_fulvidraco_",FALSE,TRUE
"854_XP_053342102_1_26-793_discs_large_homolog_1-like_protein_isoform_X16__Clarias_gariepinus_",FALSE,TRUE
"859_XP_062844156_1_148-860_discs_large_homolog_1-like_protein_isoform_X11__Trichomycterus_rosablanca_",FALSE,FALSE
"860_XP_062844155_1_243-976_discs_large_homolog_1-like_protein_isoform_X10__Trichomycterus_rosablanca_",FALSE,FALSE
"855_XP_046731958_1_156-860_discs_large_homolog_1-like_protein_isoform_X16__Silurus_meridionalis_",FALSE,TRUE
"754_XP_051555619_1_176-883_discs_large_homolog_1-like_protein_isoform_X14__Myxocyprinus_asiaticus_",FALSE,TRUE
"755_XP_009295226_1_256-955_discs_large_homolog_1-like_protein_isoform_X6__Danio_rerio_",FALSE,TRUE
"756_NP_001012388_1_129-827_discs_large_homolog_1-like_protein__Danio_rerio_",FALSE,TRUE
"766_XP_043079028_1_201-936_discs_large_homolog_1-like_protein_isoform_X14__Puntigrus_tetrazona_",FALSE,TRUE
"767_XP_043079150_1_107-820_discs_large_homolog_1-like_protein_isoform_X28__Puntigrus_tetrazona_",FALSE,TRUE
"772_RXN12882_1_436-1116_discs_large_-like_protein__Labeo_rohita_",FALSE,FALSE
"757_XP_026062147_1_256-969_discs_large_homolog_1-like_protein_isoform_X7__Carassius_auratus_",FALSE,TRUE
"758_XP_026062164_1_107-820_discs_large_homolog_1-like_protein_isoform_X22__Carassius_auratus_",FALSE,TRUE
"759_XP_026062145_1_263-976_discs_large_homolog_1-like_protein_isoform_X5__Carassius_auratus_",FALSE,TRUE
"760_XP_026062159_1_102-873_discs_large_homolog_1-like_protein_isoform_X18__Carassius_auratus_",FALSE,TRUE
"765_XP_042573771_1_102-873_discs_large_homolog_1-like_protein_isoform_X18__Cyprinus_carpio_",FALSE,TRUE
"761_XP_042573759_1_256-955_discs_large_homolog_1-like_protein_isoform_X7__Cyprinus_carpio_",FALSE,TRUE
"762_XP_042573755_1_256-969_discs_large_homolog_1-like_protein_isoform_X3__Cyprinus_carpio_",FALSE,TRUE
"763_XP_042573778_1_109-822_discs_large_homolog_1-like_protein_isoform_X24__Cyprinus_carpio_",FALSE,TRUE
"764_XP_042573764_1_215-936_discs_large_homolog_1-like_protein_isoform_X11__Cyprinus_carpio_",FALSE,TRUE
"768_XP_043079094_1_102-873_discs_large_homolog_1-like_protein_isoform_X22__Puntigrus_tetrazona_",FALSE,TRUE
"769_XP_016364043_1_102-873_PREDICTED__discs_large_homolog_1-like_protein_isoform_X11__Sinocyclocheilus_rhinocerous_",FALSE,TRUE
"770_XP_016295754_1_102-870_PREDICTED__discs_large_homolog_1-like_protein_isoform_X6__Sinocyclocheilus_anshuiensis_",FALSE,TRUE
"771_XP_016295750_1_193-903_PREDICTED__discs_large_homolog_1-like_protein_isoform_X3__Sinocyclocheilus_anshuiensis_",FALSE,TRUE
"773_XP_016394033_1_142-855_PREDICTED__discs_large_homolog_1-like_protein_isoform_X5__Sinocyclocheilus_rhinocerous_",FALSE,TRUE
"774_XP_016394035_1_109-822_PREDICTED__discs_large_homolog_1-like_protein_isoform_X7__Sinocyclocheilus_rhinocerous_",FALSE,TRUE
"821_XP_055058704_1_225-946_discs_large_homolog_1-like_protein_isoform_X6__Misgurnus_anguillicaudatus_",FALSE,FALSE
"822_XP_065131939_1_187-929_discs_large_homolog_1-like_protein_isoform_X9__Paramisgurnus_dabryanus_",FALSE,FALSE
"823_XP_055058713_1_103-895_discs_large_homolog_1-like_protein_isoform_X14__Misgurnus_anguillicaudatus_",FALSE,FALSE
"775_XP_026062151_1_215-957_discs_large_homolog_1-like_protein_isoform_X10__Carassius_auratus_",FALSE,TRUE
"776_XP_026062143_1_256-990_discs_large_homolog_1-like_protein_isoform_X3__Carassius_auratus_",FALSE,TRUE
"777_XP_026062153_1_216-950_discs_large_homolog_1-like_protein_isoform_X12__Carassius_auratus_",FALSE,TRUE
"778_XP_026062152_1_217-951_discs_large_homolog_1-like_protein_isoform_X11__Carassius_auratus_",FALSE,TRUE
"779_XP_026062144_1_255-989_discs_large_homolog_1-like_protein_isoform_X4__Carassius_auratus_",FALSE,TRUE
"780_XP_026062162_1_106-840_discs_large_homolog_1-like_protein_isoform_X20__Carassius_auratus_",FALSE,TRUE
"781_XP_026062148_1_224-958_discs_large_homolog_1-like_protein_isoform_X8__Carassius_auratus_",FALSE,TRUE
"782_XP_026062150_1_223-957_discs_large_homolog_1-like_protein_isoform_X9__Carassius_auratus_",FALSE,TRUE
"783_XP_026062142_1_262-996_discs_large_homolog_1-like_protein_isoform_X2__Carassius_auratus_",FALSE,TRUE
"784_XP_026062161_1_114-848_discs_large_homolog_1-like_protein_isoform_X19__Carassius_auratus_",FALSE,TRUE
"785_XP_026062155_1_129-918_discs_large_homolog_1-like_protein_isoform_X14__Carassius_auratus_",FALSE,TRUE
"786_XP_042573767_1_129-918_discs_large_homolog_1-like_protein_isoform_X14__Cyprinus_carpio_",FALSE,TRUE
"787_XP_042573758_1_215-957_discs_large_homolog_1-like_protein_isoform_X6__Cyprinus_carpio_",FALSE,TRUE
"788_XP_042573765_1_191-933_discs_large_homolog_1-like_protein_isoform_X12__Cyprinus_carpio_",FALSE,TRUE
"789_XP_042573763_1_216-950_discs_large_homolog_1-like_protein_isoform_X10__Cyprinus_carpio_",FALSE,TRUE
"790_XP_042573754_1_255-989_discs_large_homolog_1-like_protein_isoform_X2__Cyprinus_carpio_",FALSE,TRUE
"791_XP_042573761_1_217-951_discs_large_homolog_1-like_protein_isoform_X9__Cyprinus_carpio_",FALSE,TRUE
"792_XP_042573774_1_110-844_discs_large_homolog_1-like_protein_isoform_X20__Cyprinus_carpio_",FALSE,TRUE
"793_XP_043078991_1_201-957_discs_large_homolog_1-like_protein_isoform_X10__Puntigrus_tetrazona_",FALSE,TRUE
"794_XP_043079037_1_177-933_discs_large_homolog_1-like_protein_isoform_X15__Puntigrus_tetrazona_",FALSE,TRUE
"795_XP_043078967_1_255-989_discs_large_homolog_1-like_protein_isoform_X4__Puntigrus_tetrazona_",FALSE,TRUE
"796_XP_043078965_1_256-990_discs_large_homolog_1-like_protein_isoform_X3__Puntigrus_tetrazona_",FALSE,TRUE
"797_XP_043079140_1_106-840_discs_large_homolog_1-like_protein_isoform_X27__Puntigrus_tetrazona_",FALSE,TRUE
"798_XP_043079131_1_107-841_discs_large_homolog_1-like_protein_isoform_X26__Puntigrus_tetrazona_",FALSE,TRUE
"799_XP_043078955_1_263-997_discs_large_homolog_1-like_protein_isoform_X1__Puntigrus_tetrazona_",FALSE,TRUE
"800_XP_043078960_1_262-996_discs_large_homolog_1-like_protein_isoform_X2__Puntigrus_tetrazona_",FALSE,TRUE
"801_XP_043079103_1_114-848_discs_large_homolog_1-like_protein_isoform_X23__Puntigrus_tetrazona_",FALSE,TRUE
"802_XP_043079114_1_113-847_discs_large_homolog_1-like_protein_isoform_X24__Puntigrus_tetrazona_",FALSE,TRUE
"803_XP_043079123_1_110-844_discs_large_homolog_1-like_protein_isoform_X25__Puntigrus_tetrazona_",FALSE,TRUE
"804_XP_016364034_1_201-957_PREDICTED__discs_large_homolog_1-like_protein_isoform_X2__Sinocyclocheilus_rhinocerous_",FALSE,TRUE
"805_XP_016364037_1_177-933_PREDICTED__discs_large_homolog_1-like_protein_isoform_X5__Sinocyclocheilus_rhinocerous_",FALSE,TRUE
"806_XP_016364044_1_110-844_PREDICTED__discs_large_homolog_1-like_protein_isoform_X12__Sinocyclocheilus_rhinocerous_",FALSE,TRUE
"807_XP_016104775_1_531-1246_PREDICTED__discs_large_homolog_1-like_protein__Sinocyclocheilus_grahami_",FALSE,TRUE
"808_XP_048051752_1_231-965_discs_large_homolog_1-like_protein_isoform_X26__Megalobrama_amblycephala_",FALSE,TRUE
"809_XP_005163726_1_206-950_discs_large_homolog_1-like_protein_isoform_X8__Danio_rerio_",FALSE,TRUE
"810_XP_005163725_1_207-951_discs_large_homolog_1-like_protein_isoform_X7__Danio_rerio_",FALSE,TRUE
"811_XP_005163724_1_224-957_discs_large_homolog_1-like_protein_isoform_X5__Danio_rerio_",FALSE,TRUE
"812_XP_009295239_1_216-950_discs_large_homolog_1-like_protein_isoform_X9__Danio_rerio_",FALSE,TRUE
"813_XP_009295254_1_102-836_discs_large_homolog_1-like_protein_isoform_X18__Danio_rerio_",FALSE,TRUE
"814_XP_005163730_1_129-918_discs_large_homolog_1-like_protein_isoform_X11__Danio_rerio_",FALSE,TRUE
"815_XP_052466158_1_232-934_discs_large_homolog_1-like_protein_isoform_X7__Carassius_gibelio_",FALSE,TRUE
"816_XP_042624275_1_256-994_discs_large_homolog_1-like_protein_isoform_X1__Cyprinus_carpio_",FALSE,TRUE
"817_XP_042624361_1_110-848_discs_large_homolog_1-like_protein_isoform_X15__Cyprinus_carpio_",FALSE,TRUE
"818_XP_039528702_1_195-899_discs_large_homolog_1-like_protein_isoform_X17__Pimephales_promelas_",FALSE,TRUE
"819_XP_039528685_1_272-1007_discs_large_homolog_1-like_protein_isoform_X1__Pimephales_promelas_",FALSE,TRUE
"820_XP_039528708_1_105-840_discs_large_homolog_1-like_protein_isoform_X23__Pimephales_promelas_",FALSE,TRUE
"828_XP_051983894_1_224-967_discs_large_homolog_1-like_protein_isoform_X7__Xyrauchen_texanus_",FALSE,TRUE
"824_KAI7810119_1_3-701_putative_discs_large-like_protein_1-like_protein__partial__Triplophysa_rosa_",FALSE,FALSE
"827_XP_056599987_1_186-907_discs_large_homolog_1-like_protein_isoform_X7__Triplophysa_dalaica_",FALSE,TRUE
"825_XP_057190053_1_185-928_discs_large_homolog_1-like_protein_isoform_X9__Triplophysa_rosa_",FALSE,TRUE
"826_KAA0718977_1_456-1176_Discs_large_-like_protein_1-like_protein__Triplophysa_tibetana_",FALSE,FALSE
"829_XP_016394033_1_374-497_PREDICTED__discs_large_homolog_1-like_protein_isoform_X5__Sinocyclocheilus_rhinocerous_",FALSE,TRUE
"830_XP_016394035_1_341-464_PREDICTED__discs_large_homolog_1-like_protein_isoform_X7__Sinocyclocheilus_rhinocerous_",FALSE,TRUE
"890_XP_053739670_1_95-893_discs_large_homolog_1-like_protein_isoform_X9__Synchiropus_splendidus_",FALSE,TRUE
"891_XP_053739661_1_232-1006_discs_large_homolog_1-like_protein_isoform_X1__Synchiropus_splendidus_",FALSE,TRUE
"889_XP_055084619_1_193-924_discs_large_homolog_1-like_protein_isoform_X3__Periophthalmus_magnuspinnatus_",FALSE,TRUE
"382_KFR03408_1_1-709_Disks_large_1__partial__Opisthocomus_hoazin_",FALSE,FALSE
"383_XP_031452128_1_103-821_disks_large_homolog_1_isoform_X7__Phasianus_colchicus_",FALSE,TRUE
"390_XP_027541975_1_103-821_disks_large_homolog_1_isoform_X23__Neopelma_chrysocephalum_",FALSE,TRUE
"391_KFP27966_1_1-671_Disks_large_1__partial__Colius_striatus_",FALSE,FALSE
"392_KFZ55761_1_1-671_Disks_large_1__partial__Antrostomus_carolinensis_",FALSE,FALSE
"393_KFW05865_1_1-671_Disks_large_1__partial__Eurypyga_helias_",FALSE,FALSE
"395_KFO79650_1_1-671_Disks_large_1__partial__Cuculus_canorus_",FALSE,FALSE
"394_KFZ64186_1_1-671_Disks_large_1__partial__Podiceps_cristatus_",FALSE,FALSE
"396_KFW92126_1_1-671_Disks_large_1__partial__Phalacrocorax_carbo_",FALSE,FALSE
"397_KFW74848_1_1-671_Disks_large_1__partial__Manacus_vitellinus_",FALSE,FALSE
"388_NXN24092_1_187-903_DLG1_protein__Nycticryphes_semicollaris_",FALSE,FALSE
"389_XP_048170958_1_184-903_disks_large_homolog_1_isoform_X4__Corvus_hawaiiensis_",FALSE,TRUE
"384_XP_048810289_1_147-888_disks_large_homolog_1_isoform_X12__Lagopus_muta_",FALSE,TRUE
"385_CAK6571548_1_189-896_unnamed_protein_product__Alectoris_rufa_",FALSE,FALSE
"386_XP_037262534_1_140-881_disks_large_homolog_1_isoform_X14__Falco_rusticolus_",FALSE,TRUE
"387_XP_030350635_1_129-870_disks_large_homolog_1_isoform_X16__Strigops_habroptila_",FALSE,TRUE
"398_XP_023788863_1_142-883_disks_large_homolog_1_isoform_X2__Cyanistes_caeruleus_",FALSE,TRUE
"422_XP_037765514_1_179-948_disks_large_homolog_1_isoform_X3__Chelonia_mydas_",FALSE,TRUE
"423_XP_043379079_1_124-894_disks_large_homolog_1_isoform_X20__Chelonia_mydas_",FALSE,TRUE
"424_XP_037765515_1_179-948_disks_large_homolog_1_isoform_X2__Chelonia_mydas_",FALSE,TRUE
"425_XP_043348456_1_124-875_disks_large_homolog_1_isoform_X19__Dermochelys_coriacea_",FALSE,TRUE
"426_XP_032643388_1_144-880_disks_large_homolog_1_isoform_X2__Chelonoidis_abingdonii_",FALSE,TRUE
"427_XP_032643389_1_144-880_disks_large_homolog_1_isoform_X3__Chelonoidis_abingdonii_",FALSE,TRUE
"430_XP_025043884_1_387-1124_disks_large_homolog_1_isoform_X1__Pelodiscus_sinensis_",FALSE,TRUE
"415_XP_050819864_1_104-876_disks_large_homolog_1_isoform_X29__Gopherus_flavomarginatus_",FALSE,TRUE
"416_XP_032643412_1_20-797_disks_large_homolog_1_isoform_X23__Chelonoidis_abingdonii_",FALSE,TRUE
"421_XP_005295702_1_106-891_disks_large_homolog_1_isoform_X10__Chrysemys_picta_bellii_",FALSE,TRUE
"417_XP_037765523_1_104-916_disks_large_homolog_1_isoform_X12__Chelonia_mydas_",FALSE,TRUE
"418_XP_043348454_1_104-878_disks_large_homolog_1_isoform_X17__Dermochelys_coriacea_",FALSE,TRUE
"419_XP_043348453_1_104-879_disks_large_homolog_1_isoform_X16__Dermochelys_coriacea_",FALSE,TRUE
"420_XP_044885941_1_106-874_disks_large_homolog_1_isoform_X1__Mauremys_mutica_",FALSE,TRUE
"428_KFW64587_1_1-678_Disks_large_1__partial__Pygoscelis_adeliae_",FALSE,FALSE
"429_KAF4801784_1_104-863_hypothetical_protein_TURU_031056__Turdus_rufiventris_",FALSE,TRUE
"399_XP_043348461_1_44-818_disks_large_homolog_1_isoform_X25__Dermochelys_coriacea_",FALSE,TRUE
"400_XP_043348460_1_44-819_disks_large_homolog_1_isoform_X24__Dermochelys_coriacea_",FALSE,TRUE
"401_XP_043348462_1_44-800_disks_large_homolog_1_isoform_X26__Dermochelys_coriacea_",FALSE,TRUE
"402_XP_043379082_1_104-842_disks_large_homolog_1_isoform_X28__Chelonia_mydas_",FALSE,TRUE
"403_XP_043379084_1_2-682_disks_large_homolog_1_isoform_X31__Chelonia_mydas_",FALSE,TRUE
"404_XP_043348458_1_104-856_disks_large_homolog_1_isoform_X22__Dermochelys_coriacea_",FALSE,TRUE
"405_XP_044885952_1_106-838_disks_large_homolog_1_isoform_X11__Mauremys_mutica_",FALSE,TRUE
"406_XP_044885951_1_106-851_disks_large_homolog_1_isoform_X10__Mauremys_mutica_",FALSE,TRUE
"407_XP_044885949_1_106-852_disks_large_homolog_1_isoform_X9__Mauremys_mutica_",FALSE,TRUE
"408_XP_053895215_1_189-890_disks_large_homolog_1_isoform_X10__Malaclemys_terrapin_pileata_",FALSE,TRUE
"409_XP_042698864_1_110-824_disks_large_homolog_1_isoform_X20__Chrysemys_picta_bellii_",FALSE,TRUE
"410_XP_030430689_1_110-824_disks_large_homolog_1_isoform_X26__Gopherus_evgoodei_",FALSE,TRUE
"411_XP_030430687_1_110-836_disks_large_homolog_1_isoform_X24__Gopherus_evgoodei_",FALSE,TRUE
"412_XP_032643400_1_109-823_disks_large_homolog_1_isoform_X13__Chelonoidis_abingdonii_",FALSE,TRUE
"413_XP_032643390_1_144-859_disks_large_homolog_1_isoform_X4__Chelonoidis_abingdonii_",FALSE,TRUE
"414_XP_032643397_1_109-835_disks_large_homolog_1_isoform_X10__Chelonoidis_abingdonii_",FALSE,TRUE
"454_XP_027704602_1_104-872_disks_large_homolog_1_isoform_X10__Vombatus_ursinus_",FALSE,TRUE
"455_XP_020820489_1_104-872_disks_large_homolog_1_isoform_X9__Phascolarctos_cinereus_",FALSE,TRUE
"457_XP_043850449_1_104-858_disks_large_homolog_1_isoform_X31__Dromiciops_gliroides_",FALSE,FALSE
"458_XP_043850440_1_104-872_disks_large_homolog_1_isoform_X22__Dromiciops_gliroides_",FALSE,FALSE
"459_XP_043850439_1_104-884_disks_large_homolog_1_isoform_X21__Dromiciops_gliroides_",FALSE,FALSE
"460_XP_031819434_1_104-884_disks_large_homolog_1_isoform_X13__Sarcophilus_harrisii_",FALSE,TRUE
"456_XP_043850450_1_44-816_disks_large_homolog_1_isoform_X32__Dromiciops_gliroides_",FALSE,FALSE
"432_XP_036099072_1_106-893_disks_large_homolog_1_isoform_X15__Molossus_molossus_",FALSE,TRUE
"433_ELK38029_1_325-1058_Disks_large_like_protein_1__Myotis_davidii_",FALSE,FALSE
"434_XP_045439816_1_194-909_disks_large_homolog_1_isoform_X5__Pipistrellus_kuhlii_",FALSE,TRUE
"437_NP_004078_2_194-926_disks_large_homolog_1_isoform_2__Homo_sapiens_",FALSE,TRUE
"438_XP_053421001_1_197-929_disks_large_homolog_1_isoform_X4__Nycticebus_coucang_",FALSE,TRUE
"439_XP_052014984_1_190-931_disks_large_homolog_1_isoform_X2__Apodemus_sylvaticus_",FALSE,TRUE
"440_XP_028609621_1_194-912_disks_large_homolog_1_isoform_X3__Grammomys_surdaster_",FALSE,TRUE
"441_XP_036015660_1_194-912_disks_large_homolog_1_isoform_X7__Mus_musculus_",FALSE,TRUE
"442_CAM98678_1_106-893_SAP97-eGFP_fusion_protein__Cloning_vector_pFU-rSAP97I3-EG_",FALSE,FALSE
"443_CAM98677_1_357-1144_eGFP-rSAP97_fusion_protein__Cloning_vector_pFU-EG-rSAP97I3_",FALSE,FALSE
"466_KAH0504378_1_50-826_Disks_large-like_protein_1__Microtus_ochrogaster_",FALSE,FALSE
"435_NP_001191315_1_104-892_disks_large_homolog_1_isoform_3__Homo_sapiens_",FALSE,TRUE
"436_NP_001353149_1_104-874_disks_large_homolog_1_isoform_13__Homo_sapiens_",FALSE,TRUE
"453_NP_001353145_1_104-853_disks_large_homolog_1_isoform_12__Homo_sapiens_",FALSE,TRUE
"444_KAF6477402_1_193-932_discs_large_MAGUK_scaffold_protein_1__Molossus_molossus_",FALSE,TRUE
"445_NP_001239364_1_194-905_disks_large_homolog_1_isoform_4__Mus_musculus_",FALSE,TRUE
"450_VTJ72971_1_3-699_Hypothetical_predicted_protein__Marmota_monax_",FALSE,FALSE
"446_NP_001091894_1_194-904_disks_large_homolog_1_isoform_1__Homo_sapiens_",FALSE,TRUE
"447_NP_001353151_1_111-821_disks_large_homolog_1_isoform_15__Homo_sapiens_",FALSE,TRUE
"448_NP_001353150_1_111-833_disks_large_homolog_1_isoform_14__Homo_sapiens_",FALSE,TRUE
"449_NP_001191316_1_71-800_disks_large_homolog_1_isoform_4__Homo_sapiens_",FALSE,TRUE
"451_KAI5940324_1_275-1000_Disks_large1__Manis_javanica_",FALSE,FALSE
"452_XP_028749890_1_200-917_disks_large_homolog_1_isoform_X6__Peromyscus_leucopus_",FALSE,TRUE
"431_OXB63989_1_152-904_hypothetical_protein_ASZ78_014753__Callipepla_squamata_",FALSE,FALSE
"461_XP_027704595_1_194-926_disks_large_homolog_1_isoform_X4__Vombatus_ursinus_",FALSE,TRUE
"462_XP_027704593_1_194-927_disks_large_homolog_1_isoform_X2__Vombatus_ursinus_",FALSE,TRUE
"463_XP_036610216_1_194-926_disks_large_homolog_1_isoform_X2__Trichosurus_vulpecula_",FALSE,TRUE
"465_XP_043850423_1_194-927_disks_large_homolog_1_isoform_X5__Dromiciops_gliroides_",FALSE,FALSE
"464_XP_020820480_1_189-927_disks_large_homolog_1_isoform_X2__Phascolarctos_cinereus_",FALSE,TRUE
"488_XP_030072781_1_188-906_disks_large_homolog_1_isoform_X6__Microcaecilia_unicolor_",FALSE,TRUE
"489_XP_033814104_1_105-823_disks_large_homolog_1_isoform_X13__Geotrypetes_seraphini_",FALSE,TRUE
"490_XP_029471757_1_104-877_disks_large_homolog_1_isoform_X14__Rhinatrema_bivittatum_",FALSE,TRUE
"467_XP_028587816_1_110-824_disks_large_homolog_1_isoform_X14__Podarcis_muralis_",FALSE,TRUE
"468_XP_033006867_1_110-824_disks_large_homolog_1_isoform_X13__Lacerta_agilis_",FALSE,TRUE
"469_XP_028587811_1_104-897_disks_large_homolog_1_isoform_X9__Podarcis_muralis_",FALSE,TRUE
"470_XP_034989981_1_199-935_disks_large_homolog_1_isoform_X2__Zootoca_vivipara_",FALSE,TRUE
"471_XP_034989980_1_199-936_disks_large_homolog_1_isoform_X1__Zootoca_vivipara_",FALSE,TRUE
"472_XP_033006865_1_132-869_disks_large_homolog_1_isoform_X11__Lacerta_agilis_",FALSE,TRUE
"473_XP_034989991_1_112-905_disks_large_homolog_1_isoform_X11__Zootoca_vivipara_",FALSE,TRUE
"474_XP_028587815_1_95-842_disks_large_homolog_1_isoform_X13__Podarcis_muralis_",FALSE,TRUE
"475_XP_061493651_1_164-879_disks_large_homolog_1_isoform_X11__Rhineura_floridana_",FALSE,TRUE
"477_XP_062987765_1_105-878_disks_large_homolog_1_isoform_X9__Elgaria_multicarinata_webbii_",FALSE,TRUE
"482_XP_020664207_1_120-846_disks_large_homolog_1_isoform_X2__Pogona_vitticeps_",FALSE,TRUE
"483_XP_020664208_1_75-793_disks_large_homolog_1_isoform_X3__Pogona_vitticeps_",FALSE,TRUE
"476_XP_062987767_1_94-830_disks_large_homolog_1_isoform_X11__Elgaria_multicarinata_webbii_",FALSE,TRUE
"478_XP_042315586_1_87-798_disks_large_homolog_1_isoform_X7__Sceloporus_undulatus_",FALSE,TRUE
"479_XP_042315579_1_154-897_disks_large_homolog_1_isoform_X1__Sceloporus_undulatus_",FALSE,TRUE
"480_XP_053160395_1_67-780_disks_large_homolog_1_isoform_X14__Hemicordylus_capensis_",FALSE,TRUE
"481_XP_053160388_1_164-906_disks_large_homolog_1_isoform_X8__Hemicordylus_capensis_",FALSE,TRUE
"484_XP_048361450_1_163-878_disks_large_homolog_1_isoform_X10__Sphaerodactylus_townsendi_",FALSE,TRUE
"485_XP_054838998_1_159-874_disks_large_homolog_1_isoform_X9__Eublepharis_macularius_",FALSE,TRUE
"486_XP_060098861_1_106-897_disks_large_homolog_1_isoform_X2__Heteronotia_binoei_",FALSE,TRUE
"487_XP_015284562_1_6-757_PREDICTED__disks_large_homolog_1_isoform_X2__Gekko_japonicus_",FALSE,TRUE
"892_XP_043926650_1_152-886_disks_large_homolog_1__Protopterus_annectens_",FALSE,TRUE
"491_XP_018422965_1_106-873_PREDICTED__disks_large_homolog_1_isoform_X14__Nanorana_parkeri_",FALSE,TRUE
"492_XP_040205427_1_78-790_disks_large_homolog_1_isoform_X19__Rana_temporaria_",FALSE,TRUE
"493_XP_040205425_1_78-802_disks_large_homolog_1_isoform_X18__Rana_temporaria_",FALSE,TRUE
"494_XP_018422993_1_78-802_PREDICTED__disks_large_homolog_1_isoform_X18__Nanorana_parkeri_",FALSE,TRUE
"496_KAG8581430_1_102-871_hypothetical_protein_GDO81_007666__Engystomops_pustulosus_",FALSE,FALSE
"497_KAG8581439_1_78-790_hypothetical_protein_GDO81_007666__Engystomops_pustulosus_",FALSE,FALSE
"498_KAG8581437_1_78-802_hypothetical_protein_GDO81_007666__Engystomops_pustulosus_",FALSE,FALSE
"507_CAH2247846_1_107-895_disks_large_homolog_1_isoform_X5__Pelobates_cultripes_",FALSE,FALSE
"508_XP_063298811_1_195-918_disks_large_homolog_1_isoform_X4__Pelobates_fuscus_",FALSE,TRUE
"495_KAG8581441_1_1-784_hypothetical_protein_GDO81_007666__Engystomops_pustulosus_",FALSE,FALSE
"499_KAG8581428_1_187-925_hypothetical_protein_GDO81_007666__Engystomops_pustulosus_",FALSE,FALSE
"500_KAG8581435_1_78-811_hypothetical_protein_GDO81_007666__Engystomops_pustulosus_",FALSE,FALSE
"501_KAG8581434_1_78-812_hypothetical_protein_GDO81_007666__Engystomops_pustulosus_",FALSE,FALSE
"502_XP_066457759_1_139-878_disks_large_homolog_1_isoform_X4__Eleutherodactylus_coqui_",FALSE,TRUE
"503_KAG9493989_1_188-927_hypothetical_protein_GDO78_001710__Eleutherodactylus_coqui_",FALSE,FALSE
"504_XP_044147484_1_93-832_disks_large_homolog_1_isoform_X7__Bufo_gargarizans_",FALSE,TRUE
"505_XP_040284253_1_93-832_disks_large_homolog_1_isoform_X7__Bufo_bufo_",FALSE,TRUE
"506_XP_053315544_1_194-928_disks_large_homolog_1_isoform_X5__Spea_bombifrons_",FALSE,TRUE
"509_XP_018119123_1_106-822_disks_large_homolog_1_isoform_X34__Xenopus_laevis_",FALSE,TRUE
"510_XP_041419224_1_102-884_disks_large_homolog_1_isoform_X27__Xenopus_laevis_",FALSE,TRUE
"511_XP_018119117_1_101-893_disks_large_homolog_1_isoform_X26__Xenopus_laevis_",FALSE,TRUE
"512_XP_041419223_1_101-894_disks_large_homolog_1_isoform_X25__Xenopus_laevis_",FALSE,TRUE
"513_NP_001039116_1_189-927_disks_large_homolog_1__Xenopus_tropicalis_",FALSE,TRUE
"517_KAG8445104_1_181-914_hypothetical_protein_GDO86_010029__Hymenochirus_boettgeri_",FALSE,FALSE
"514_XP_041420750_1_189-891_disks_large_homolog_1_isoform_X13__Xenopus_laevis_",FALSE,TRUE
"515_XP_041420742_1_189-917_disks_large_homolog_1_isoform_X5__Xenopus_laevis_",FALSE,TRUE
"516_XP_041420744_1_189-912_disks_large_homolog_1_isoform_X7__Xenopus_laevis_",FALSE,TRUE
"524_XP_043558437_1_14-794_discs_large_homolog_1-like_protein_isoform_X29__Chiloscyllium_plagiosum_",FALSE,TRUE
"525_XP_041062000_1_193-898_discs_large_homolog_1-like_protein_isoform_X5__Carcharodon_carcharias_",FALSE,TRUE
"526_XP_038672369_1_30-734_disks_large_homolog_1_isoform_X40__Scyliorhinus_canicula_",FALSE,TRUE
"527_XP_043558435_1_72-833_discs_large_homolog_1-like_protein_isoform_X27__Chiloscyllium_plagiosum_",FALSE,TRUE
"528_XP_043558436_1_72-845_discs_large_homolog_1-like_protein_isoform_X28__Chiloscyllium_plagiosum_",FALSE,TRUE
"529_XP_038672340_1_103-897_disks_large_homolog_1_isoform_X15__Scyliorhinus_canicula_",FALSE,TRUE
"537_XP_038672357_1_14-752_disks_large_homolog_1_isoform_X30__Scyliorhinus_canicula_",FALSE,TRUE
"530_XP_038672359_1_35-772_disks_large_homolog_1_isoform_X32__Scyliorhinus_canicula_",FALSE,TRUE
"531_XP_038672352_1_93-830_disks_large_homolog_1_isoform_X26__Scyliorhinus_canicula_",FALSE,TRUE
"532_XP_038672347_1_138-875_disks_large_homolog_1_isoform_X21__Scyliorhinus_canicula_",FALSE,TRUE
"533_XP_038672351_1_98-835_disks_large_homolog_1_isoform_X25__Scyliorhinus_canicula_",FALSE,TRUE
"534_XP_038672349_1_122-859_disks_large_homolog_1_isoform_X23__Scyliorhinus_canicula_",FALSE,TRUE
"535_XP_038672354_1_81-818_disks_large_homolog_1_isoform_X27__Scyliorhinus_canicula_",FALSE,TRUE
"536_XP_038672358_1_1-741_disks_large_homolog_1_isoform_X31__Scyliorhinus_canicula_",FALSE,TRUE
"538_XP_041062009_1_105-842_discs_large_homolog_1-like_protein_isoform_X6__Carcharodon_carcharias_",FALSE,TRUE
"539_XP_043558430_1_14-826_discs_large_homolog_1-like_protein_isoform_X22__Chiloscyllium_plagiosum_",FALSE,TRUE
"540_XP_043558427_1_122-859_discs_large_homolog_1-like_protein_isoform_X19__Chiloscyllium_plagiosum_",FALSE,TRUE
"541_XP_043558431_1_35-772_discs_large_homolog_1-like_protein_isoform_X23__Chiloscyllium_plagiosum_",FALSE,TRUE
"542_XP_043558428_1_113-850_discs_large_homolog_1-like_protein_isoform_X20__Chiloscyllium_plagiosum_",FALSE,TRUE
"543_XP_043558409_1_178-954_discs_large_homolog_1-like_protein_isoform_X1__Chiloscyllium_plagiosum_",FALSE,TRUE
"544_XP_043558432_1_26-767_discs_large_homolog_1-like_protein_isoform_X24__Chiloscyllium_plagiosum_",FALSE,TRUE
"545_XP_059507135_1_217-954_disks_large_homolog_1-like_isoform_X1__Stegostoma_tigrinum_",FALSE,TRUE
"549_XP_007896298_1_106-845_disks_large_homolog_1_isoform_X5__Callorhinchus_milii_",FALSE,TRUE
"546_XP_059799954_1_191-928_discs_large_homolog_1-like_protein_isoform_X3__Hypanus_sabinus_",FALSE,TRUE
"547_XP_032887920_1_214-963_disks_large_homolog_1_isoform_X3__Amblyraja_radiata_",FALSE,TRUE
"548_XP_062901591_1_192-911_discs_large_homolog_1-like_protein_isoform_X4__Mobula_hypostoma_",FALSE,TRUE
"550_XP_055501575_1_128-904_disks_large_homolog_1-like_isoform_X21__Leucoraja_erinacea_",FALSE,TRUE
"523_KAI2533216_1_1-739_discs_large_MAGUK_scaffold_protein_1__Homo_sapiens_",FALSE,FALSE
"893_XP_009303705_1_167-959_disks_large_homolog_2_isoform_X29__Danio_rerio_",FALSE,FALSE
"894_XP_009303698_1_167-967_disks_large_homolog_2_isoform_X22__Danio_rerio_",FALSE,FALSE
"895_XP_009303694_1_167-987_disks_large_homolog_2_isoform_X18__Danio_rerio_",FALSE,FALSE
"896_NP_001012378_1_61-881_disks_large_homolog_2__Danio_rerio_",FALSE,FALSE
"900_XP_042588675_1_233-973_disks_large_homolog_2_isoform_X21__Cyprinus_carpio_",FALSE,FALSE
"936_XP_016416896_1_97-837_PREDICTED__disks_large_homolog_2-like_isoform_X16__Sinocyclocheilus_rhinocerous_",FALSE,FALSE
"897_XP_042588689_1_143-935_disks_large_homolog_2_isoform_X35__Cyprinus_carpio_",FALSE,FALSE
"898_XP_042588682_1_143-943_disks_large_homolog_2_isoform_X28__Cyprinus_carpio_",FALSE,FALSE
"899_XP_042588677_1_143-963_disks_large_homolog_2_isoform_X23__Cyprinus_carpio_",FALSE,FALSE
"901_XP_026129541_1_143-935_disks_large_homolog_2_isoform_X16__Carassius_auratus_",FALSE,FALSE
"902_XP_026129535_1_143-955_disks_large_homolog_2_isoform_X10__Carassius_auratus_",FALSE,FALSE
"910_XP_026103277_1_143-935_disks_large_homolog_2-like_isoform_X13__Carassius_auratus_",FALSE,FALSE
"911_XP_026103273_1_143-955_disks_large_homolog_2-like_isoform_X9__Carassius_auratus_",FALSE,FALSE
"912_XP_039533494_1_143-963_disks_large_homolog_2_isoform_X20__Pimephales_promelas_",FALSE,FALSE
"904_XP_016345839_1_67-859_PREDICTED__disks_large_homolog_2_isoform_X33__Sinocyclocheilus_anshuiensis_",FALSE,FALSE
"905_XP_016345832_1_67-867_PREDICTED__disks_large_homolog_2_isoform_X27__Sinocyclocheilus_anshuiensis_",FALSE,FALSE
"906_XP_016345831_1_67-887_PREDICTED__disks_large_homolog_2_isoform_X26__Sinocyclocheilus_anshuiensis_",FALSE,FALSE
"907_XP_016413850_1_67-859_PREDICTED__disks_large_homolog_2_isoform_X35__Sinocyclocheilus_rhinocerous_",FALSE,FALSE
"908_XP_016413843_1_67-867_PREDICTED__disks_large_homolog_2_isoform_X29__Sinocyclocheilus_rhinocerous_",FALSE,FALSE
"909_XP_016413841_1_67-887_PREDICTED__disks_large_homolog_2_isoform_X27__Sinocyclocheilus_rhinocerous_",FALSE,FALSE
"903_XP_026129533_1_143-970_disks_large_homolog_2_isoform_X8__Carassius_auratus_",FALSE,FALSE
"923_XP_028838668_1_138-926_disks_large_homolog_2_isoform_X34__Denticeps_clupeoides_",FALSE,FALSE
"924_XP_028838657_1_138-934_disks_large_homolog_2_isoform_X24__Denticeps_clupeoides_",FALSE,FALSE
"925_XP_028838652_1_138-954_disks_large_homolog_2_isoform_X20__Denticeps_clupeoides_",FALSE,FALSE
"929_XP_041948721_1_143-935_disks_large_homolog_2_isoform_X17__Alosa_sapidissima_",FALSE,FALSE
"930_XP_031427990_1_145-937_disks_large_homolog_2_isoform_X32__Clupea_harengus_",FALSE,FALSE
"931_XP_031427980_1_145-944_disks_large_homolog_2_isoform_X21__Clupea_harengus_",FALSE,FALSE
"932_XP_031427977_1_145-964_disks_large_homolog_2_isoform_X18__Clupea_harengus_",FALSE,FALSE
"948_XP_030647957_1_113-864_disks_large_homolog_2__Chanos_chanos_",FALSE,FALSE
"949_XP_035288162_1_154-966_disks_large_homolog_2_isoform_X17__Anguilla_anguilla_",FALSE,FALSE
"950_KAJ8275960_1_8-746_hypothetical_protein_COCON_G00077120__Conger_conger_",FALSE,FALSE
"926_XP_017548168_1_148-936_disks_large_homolog_2_isoform_X29__Pygocentrus_nattereri_",FALSE,FALSE
"927_XP_017548160_1_148-944_disks_large_homolog_2_isoform_X22__Pygocentrus_nattereri_",FALSE,FALSE
"928_XP_035391182_1_153-941_disks_large_homolog_2_isoform_X14__Electrophorus_electricus_",FALSE,FALSE
"940_XP_053501002_1_148-946_disks_large_homolog_2_isoform_X7__Ictalurus_furcatus_",FALSE,FALSE
"965_XP_063059778_1_165-966_disks_large_homolog_2__Engraulis_encrasicolus_",FALSE,FALSE
"966_XP_051782920_1_157-970_disks_large_homolog_2_isoform_X14__Erpetoichthys_calabaricus_",FALSE,FALSE
"913_XP_016349068_1_67-827_PREDICTED__disks_large_homolog_2-like_isoform_X16__Sinocyclocheilus_anshuiensis_",FALSE,FALSE
"914_XP_016345838_1_67-894_PREDICTED__disks_large_homolog_2_isoform_X32__Sinocyclocheilus_anshuiensis_",FALSE,FALSE
"915_XP_016413849_1_67-894_PREDICTED__disks_large_homolog_2_isoform_X34__Sinocyclocheilus_rhinocerous_",FALSE,FALSE
"941_XP_041948729_1_54-874_disks_large_homolog_2_isoform_X25__Alosa_sapidissima_",FALSE,FALSE
"943_XP_028838667_1_57-872_disks_large_homolog_2_isoform_X33__Denticeps_clupeoides_",FALSE,FALSE
"916_KAG1970529_1_107-895_disks_large__Pimephales_promelas_",FALSE,FALSE
"917_KAG1970539_1_26-718_disks_large__Pimephales_promelas_",FALSE,FALSE
"918_KAG1970545_1_82-793_disks_large__Pimephales_promelas_",FALSE,FALSE
"919_KAG1970537_1_20-808_disks_large__Pimephales_promelas_",FALSE,FALSE
"920_KAG1970528_1_20-823_disks_large__Pimephales_promelas_",FALSE,FALSE
"921_KAG1970531_1_20-843_disks_large__Pimephales_promelas_",FALSE,FALSE
"922_XP_056096214_1_143-919_disks_large_homolog_2_isoform_X27__Rhinichthys_klamathensis_goyatoka_",FALSE,FALSE
"942_XP_028838658_1_138-928_disks_large_homolog_2_isoform_X25__Denticeps_clupeoides_",FALSE,FALSE
"937_XP_022537066_2_149-939_disks_large_homolog_2_isoform_X22__Astyanax_mexicanus_",FALSE,FALSE
"938_XP_058267084_1_228-935_disks_large_homolog_2_isoform_X23__Hemibagrus_wyckioides_",FALSE,FALSE
"939_XP_062870563_1_112-879_disks_large_homolog_2_isoform_X7__Trichomycterus_rosablanca_",FALSE,FALSE
"944_XP_024249132_1_142-917_disks_large_homolog_2_isoform_X14__Oncorhynchus_tshawytscha_",FALSE,FALSE
"945_XP_036845682_1_142-917_disks_large_homolog_2_isoform_X17__Oncorhynchus_mykiss_",FALSE,FALSE
"946_XP_031664218_1_142-917_disks_large_homolog_2-like_isoform_X17__Oncorhynchus_kisutch_",FALSE,FALSE
"947_XP_029555707_1_180-975_disks_large_homolog_2_isoform_X14__Salmo_trutta_",FALSE,FALSE
"933_XP_041948719_1_143-937_disks_large_homolog_2_isoform_X16__Alosa_sapidissima_",FALSE,FALSE
"934_XP_031427982_1_145-939_disks_large_homolog_2_isoform_X23__Clupea_harengus_",FALSE,FALSE
"935_XP_023691011_1_139-933_disks_large_homolog_2_isoform_X15__Paramormyrops_kingsleyae_",FALSE,FALSE
"951_XP_028277825_1_148-929_disks_large_homolog_2_isoform_X14__Parambassis_ranga_",FALSE,FALSE
"952_XP_044078331_1_152-941_disks_large_homolog_2_isoform_X30__Siniperca_chuatsi_",FALSE,FALSE
"953_XP_030010789_1_158-947_disks_large_homolog_2_isoform_X12__Sphaeramia_orbicularis_",FALSE,FALSE
"961_KAK2879904_1_726-1507_hypothetical_protein_Q8A73_023716__Channa_argus_",FALSE,FALSE
"954_XP_031167005_1_153-934_disks_large_homolog_2_isoform_X42__Sander_lucioperca_",FALSE,FALSE
"955_XP_031167000_1_153-942_disks_large_homolog_2_isoform_X34__Sander_lucioperca_",FALSE,FALSE
"956_XP_032389542_1_153-932_disks_large_homolog_2_isoform_X42__Etheostoma_spectabile_",FALSE,FALSE
"957_XP_034745410_1_143-932_disks_large_homolog_2_isoform_X40__Etheostoma_cragini_",FALSE,FALSE
"958_XP_029925106_1_153-933_disks_large_homolog_2_isoform_X18__Myripristis_murdjan_",FALSE,FALSE
"959_XP_029925100_1_153-941_disks_large_homolog_2_isoform_X13__Myripristis_murdjan_",FALSE,FALSE
"960_XP_056140906_1_206-932_disks_large_homolog_2_isoform_X1__Lampris_incognitus_",FALSE,FALSE
"962_XP_030294531_1_62-843_disks_large_homolog_2_isoform_X16__Sparus_aurata_",FALSE,FALSE
"963_XP_055004443_1_13-834_disks_large_homolog_2_isoform_X1__Boleophthalmus_pectinirostris_",FALSE,FALSE
"964_XP_040036186_1_140-931_disks_large_homolog_2_isoform_X46__Gasterosteus_aculeatus_aculeatus_",FALSE,FALSE
"967_XP_054481157_1_32-800_disks_large_homolog_2_isoform_X2__Anoplopoma_fimbria_",FALSE,FALSE
"968_XP_032607189_1_180-947_disks_large_homolog_2_isoform_X13__Taeniopygia_guttata_",FALSE,FALSE
"969_XP_039574535_1_64-831_disks_large_homolog_2_isoform_X23__Passer_montanus_",FALSE,FALSE
"970_XP_037992750_1_180-947_disks_large_homolog_2_isoform_X14__Motacilla_alba_alba_",FALSE,FALSE
"973_XP_032908783_1_180-947_disks_large_homolog_2_isoform_X9__Catharus_ustulatus_",FALSE,FALSE
"971_XP_039234559_1_155-921_disks_large_homolog_2_isoform_X10__Pipra_filicauda_",FALSE,FALSE
"972_XP_032534005_1_64-830_disks_large_homolog_2_isoform_X21__Chiroxiphia_lanceolata_",FALSE,FALSE
"974_XP_026697629_1_180-970_disks_large_homolog_2_isoform_X11__Athene_cunicularia_",FALSE,FALSE
"975_XP_030805924_1_58-848_disks_large_homolog_2_isoform_X10__Camarhynchus_parvulus_",FALSE,FALSE
"976_XP_039574532_1_64-854_disks_large_homolog_2_isoform_X20__Passer_montanus_",FALSE,FALSE
"977_XP_037992682_1_180-970_disks_large_homolog_2_isoform_X13__Motacilla_alba_alba_",FALSE,FALSE
"978_XP_025002678_1_179-969_disks_large_homolog_2_isoform_X11__Gallus_gallus_",FALSE,FALSE
"979_XP_040514603_1_179-969_disks_large_homolog_2_isoform_X11__Gallus_gallus_",FALSE,FALSE
"980_XP_029898269_1_180-970_disks_large_homolog_2_isoform_X13__Aquila_chrysaetos_chrysaetos_",FALSE,FALSE
"981_XP_039234555_1_155-944_disks_large_homolog_2_isoform_X5__Pipra_filicauda_",FALSE,FALSE
"982_XP_032908781_1_180-970_disks_large_homolog_2_isoform_X7__Catharus_ustulatus_",FALSE,FALSE
"985_XP_014813778_1_128-918_PREDICTED__disks_large_homolog_2_isoform_X15__Calidris_pugnax_",FALSE,FALSE
"986_XP_040439182_1_128-918_disks_large_homolog_2_isoform_X7__Falco_naumanni_",FALSE,FALSE
"983_XP_005038393_1_31-827_PREDICTED__disks_large_homolog_2_isoform_X5__Ficedula_albicollis_",FALSE,FALSE
"984_XP_030142524_1_31-827_disks_large_homolog_2_isoform_X35__Taeniopygia_guttata_",FALSE,FALSE
"987_XP_017675115_1_152-919_PREDICTED__disks_large_homolog_2_isoform_X5__Lepidothrix_coronata_",FALSE,FALSE
"988_XP_027514624_1_152-919_disks_large_homolog_2_isoform_X8__Corapipo_altera_",FALSE,FALSE
"989_XP_027533319_1_152-919_disks_large_homolog_2_isoform_X7__Neopelma_chrysocephalum_",FALSE,FALSE
"990_XP_017675112_1_152-942_PREDICTED__disks_large_homolog_2_isoform_X3__Lepidothrix_coronata_",FALSE,FALSE
"991_XP_041575693_1_1-822_disks_large_homolog_2_isoform_X36__Taeniopygia_guttata_",FALSE,FALSE
"992_XP_006507840_1_158-943_disks_large_homolog_2_isoform_X10__Mus_musculus_",FALSE,FALSE
"993_XP_036008925_1_158-957_disks_large_homolog_2_isoform_X9__Mus_musculus_",FALSE,FALSE
"994_XP_040587937_1_157-942_disks_large_homolog_2_isoform_X5__Mesocricetus_auratus_",FALSE,FALSE
"995_XP_038945277_1_157-942_disks_large_homolog_2_isoform_X7__Rattus_norvegicus_",FALSE,FALSE
"996_XP_041498312_1_157-942_disks_large_homolog_2_isoform_X5__Microtus_oregoni_",FALSE,FALSE
"997_XP_036866466_1_157-942_disks_large_homolog_2_isoform_X5__Manis_javanica_",FALSE,FALSE
"998_XP_034522109_1_125-910_disks_large_homolog_2_isoform_X4__Ailuropoda_melanoleuca_",FALSE,FALSE
"107_XP_041568160_1_1-662_disks_large_homolog_4_isoform_X11__Taeniopygia_guttata_",FALSE,FALSE
"108_XP_062368175_1_231-842_disks_large_homolog_4-like__partial__Cinclus_cinclus_",FALSE,FALSE
"109_XP_062368175_1_387-513_disks_large_homolog_4-like__partial__Cinclus_cinclus_",FALSE,FALSE
"156_OCT90924_1_1-741_hypothetical_protein_XELAEV_18019541mg__partial__Xenopus_laevis_",FALSE,FALSE
"157_KAJ1072194_1_6-298_hypothetical_protein_K5549_015929__partial__Capra_hircus_",FALSE,FALSE
"158_OWK15038_1_1-711_DLG4__Cervus_elaphus_hippelaphus_",FALSE,FALSE
